name:ID,sex,age,:LABEL
谢永林,男,50,people
胡跃飞,男,56,people
刘勇,男,49,people
朱季成,男,37,people
张丕杰,男,57,people
郭为,男,55,people
陈旭,男,56,people
周政,男,55,people
周建国,男,63,people
严圣军,男,50,people
熊佩锦,男,53,people
林兆雄,男,51,people
苏从跃,男,48,people
张志新,男,50,people
辛昕,女,41,people
周剑,男,46,people
曹荣根,男,55,people
陈茂政,男,54,people
曹德标,男,52,people
黄历新,男,52,people
黄勇峰,男,44,people
吕航,男,57,people
孙承铭,男,59,people
杨国富,男,58,people
白景涛,男,53,people
陈立彬,男,54,people
丁辉,男,45,people
杨天平,男,59,people
展海波,男,51,people
周擎红,男,55,people
胡柏藩,男,56,people
邓仁杰,男,48,people
谭文鋕,男,70,people
郑晓彬,男,53,people
王书贵,男,43,people
左宗申,男,66,people
宋清,男,53,people
夏鼎湖,男,74,people
胡柏剡,男,51,people
王秀峰,男,48,people
贾海英,女,50,people
张留锁,男,58,people
陈风华,男,50,people
黄培国,男,42,people
邱华伟,男,51,people
马小鹏,男,56,people
徐明波,男,54,people
安胜杰,男,45,people
韩盛龙,男,60,people
张培峰,男,41,people
赵锐均,男,53,people
赵德永,男,56,people
吴厚刚,男,54,people
王耀,男,55,people
梁淑洁,女,52,people
傅乐民,男,55,people
周晓光,女,56,people
魏彦,男,53,people
耿建明,男,56,people
曾吉勇,男,54,people
张彬,男,46,people
赵非凡,男,35,people
张树成,男,45,people
李建锋,男,49,people
梁峻,男,39,people
李保泉,男,55,people
沈国甫,男,62,people
吴冰,女,55,people
陆华裕,男,54,people
陈文才,男,52,people
张军,男,57,people
钱森力,男,60,people
刘山,男,55,people
顾靖峰,男,44,people
毛志林,男,51,people
濮家富,男,50,people
罗孟波,男,48,people
卢敏,男,38,people
陈南,男,49,people
卢柏强,男,56,people
庞惠民,男,52,people
连松育,男,46,people
郑汉武,男,46,people
何百祥,男,48,people
黄壮勉,男,48,people
张颂明,男,52,people
贾岭达,女,74,people
李广泽,男,41,people
周进,女,57,people
连宗敏,女,30,people
于海波,男,48,people
殷恒波,男,55,people
赵自军,男,56,people
陈钢,男,52,people
张泽民,男,55,people
艾萍,女,39,people
张旸,男,39,people
于洪涛,男,51,people
梁旭,男,55,people
梁健锋,男,53,people
林萌,男,52,people
雷菊芳,女,65,people
邓淑芬,女,54,people
陈劲松,男,54,people
黄伟中,男,50,people
梁宏,男,27,people
刘凯列,男,54,people
刘峰,男,45,people
朱敏,女,49,people
黄伟潮,男,48,people
高赫男,男,37,people
朱晔,男,41,people
孙伟杰,男,55,people
王卫,男,48,people
张文东,男,51,people
张新育,男,64,people
朱春林,男,58,people
邰正彪,男,54,people
邹志强,男,55,people
李春,男,38,people
王坤晓,男,49,people
林哲莹,男,53,people
肖敏,男,47,people
张礼慧,男,51,people
尹红宇,男,45,people
邰紫鹏,男,30,people
王志斌,男,53,people
李良彬,男,51,people
王巍,男,58,people
曹积生,男,58,people
马跃,男,57,people
蔡荣军,男,46,people
郑铁江,男,54,people
陈焕雄,男,42,people
王仁荣,男,51,people
王晓申,男,50,people
徐波,男,56,people
耿培梁,男,61,people
柳灵运,男,54,people
蔡高校,男,44,people
蒋国强,男,52,people
纪安康,男,45,people
尹洪卫,男,53,people
闫冠宇,男,49,people
张弢,男,75,people
秦英林,男,53,people
陈辉,男,51,people
朱明虬,男,54,people
陈礼豪,男,50,people
胡波,男,53,people
徐金富,男,54,people
张福如,男,52,people
曹治年,男,41,people
杨劲,女,50,people
黄浩挺,男,47,people
肖芳,女,44,people
韩小红,女,51,people
禤达燕,女,36,people
吕红献,男,49,people
田俊彦,男,57,people
朱军,男,55,people
李新威,男,53,people
张丕杰,男,57,people
周建国,男,63,people
刘勇,男,49,people
黄勇峰,男,44,people
范爱军,男,47,people
朱梅柱,男,54,people
李洪生,男,55,people
张志新,男,50,people
陈茂政,男,54,people
林兆雄,男,51,people
陈立彬,男,54,people
郭启寅,男,68,people
吴强华,男,49,people
刘焱,女,76,people
夏晓鸥,男,61,people
刘雷,男,51,people
黄小川,男,52,people
文剑平,男,56,people
赵坚,男,54,people
陈云华,女,55,people
许欣,男,52,people
方永新,男,59,people
李建忠,男,51,people
林科,男,56,people
姚晓洁,男,48,people
刘振国,男,53,people
朱方文,男,34,people
方刚,男,36,people
付永全,男,50,people
JIN ZHAO SHEN,男,32,people
胡刚,男,49,people
齐政,男,46,people
王伟,男,47,people
钱震斌,男,59,people
杨振华,男,54,people
周中,男,51,people
张曦,男,44,people
符冠华,男,55,people
黄国宏,男,49,people
高波,男,44,people
罗叶兰,女,41,people
张兵,男,47,people
王军华,男,57,people
童之磊,男,43,people
居年丰,男,46,people
邓亲华,男,68,people
陈庆财,男,59,people
丁敏华,男,53,people
陈炽昌,男,47,people
唐岳,男,55,people
胡赓熙,男,54,people
雷霖,男,44,people
陶荣,男,56,people
杨武,男,43,people
赵小伟,女,55,people
洪军,女,52,people
刘玉明,男,54,people
曾凡云,男,56,people
王立红,女,55,people
叶剑平,男,47,people
钟若农,女,56,people
杨民民,男,46,people
李捍雄,男,44,people
金卫平,男,55,people
刘准,男,57,people
吴晓宁,男,60,people
王洪春,男,54,people
柴寅初,男,53,people
曾继疆,男,56,people
董海军,男,54,people
杨冬玲,女,51,people
袁有根,男,49,people
蔡国庆,男,62,people
叶露,女,62,people
蒋永军,男,49,people
时旸,男,58,people
於亮,男,55,people
李关鹏,男,52,people
王国强,男,53,people
王凤蛟,男,50,people
白骅,男,71,people
陈代华,男,55,people
蓝来富,男,43,people
毛志远,男,60,people
高伟,男,52,people
李柏殿,男,43,people
经海林,男,50,people
陈晓华,男,54,people
储昭武,男,53,people
李鹏,男,29,people
马宗海,男,55,people
刘卫东,男,48,people
阮伟祥,男,53,people
任武贤,男,58,people
杨思民,男,63,people
孙亮,男,60,people
王强,男,44,people
范红卫,女,51,people
吕卫平,男,56,people
张绍平,男,53,people
张纯,男,54,people
阮兴祥,男,53,people
薄少伟,男,64,people
韩道均,男,56,people
陆新,男,49,people
李峰,男,39,people
任伟林,男,56,people
赖振元,男,78,people
楼定波,男,56,people
宋鑫,男,56,people
张杰,男,39,people
钱建林,男,45,people
程晓曦,男,58,people
王靖,男,46,people
林金本,男,58,people
赖朝辉,男,48,people
彭毅敏,男,52,people
刘冰,男,55,people
王立峰,男,42,people
尹纪成,男,45,people
周其奎,男,56,people
蒋伯峰,男,56,people
黄友星,男,56,people
周先田,男,53,people
庄立峰,男,48,people
李源光,男,49,people
凡剑,男,53,people
马林霞,女,47,people
何长海,男,53,people
张跃进,男,57,people
脱利成,男,55,people
邵阳,男,52,people
刘积仁,男,63,people
梁永岑,男,50,people
王万强,男,41,people
刘继彬,男,54,people
田鲁炜,男,50,people
王勇峰,男,48,people
马全胜,男,54,people
杨学平,男,53,people
王玉锁,男,54,people
洪海山,男,57,people
徐永模,男,62,people
郭锴,男,44,people
胡敏,男,46,people
陈纯,男,63,people
高云跃,男,50,people
李锦昆,男,50,people
于建潮,男,50,people
何友栋,男,55,people
李叶青,男,54,people
高勇峰,男,45,people
姚成,男,48,people
史烈,男,54,people
孙伟,男,47,people
王颂秋,男,55,people
卢纯,男,63,people
陈继,男,43,people
宋林林,男,48,people
汪晓林,男,47,people
密春雷,男,40,people
刘樱,女,45,people
蔡瑞雄,男,51,people
朱锂坤,男,52,people
张定明,男,55,people
黄婧,女,34,people
周明,女,55,people
林伟民,男,55,people
姚忠,男,50,people
陈亚民,男,66,people
景广军,男,46,people
张加勇,男,43,people
阮正富,男,53,people
黄金祥,男,53,people
罗衍记,男,45,people
李卫国,男,53,people
项光明,男,55,people
方同华,男,55,people
张许科,男,55,people
张茂义,男,55,people
葛坤兴,男,63,people
李浩,男,41,people
刘泽军,男,52,people
赵健,男,47,people
孟文波,男,46,people
周卫中,男,48,people
陈闪,男,31,people
邵晓明,男,60,people
刘军,男,51,people
刘宏,男,56,people
陈革,男,52,people
许照芹,女,47,people
孙进忠,男,53,people
王颖,女,52,people
姜风,男,48,people
保罗.拉芬斯克罗夫特,男,47,people
俞锋,男,46,people
郭建新,男,41,people
刘堃华,男,50,people
朱虔,男,45,people
凌人枫,男,49,people
俞勇,男,48,people
汤文侃,男,45,people
于爱新,男,55,people
朱金明,男,54,people
郭亚军,男,62,people
李颜章,男,56,people
徐健,男,53,people
刘平芹,男,54,people
张东海,男,48,people
朱连宇,男,48,people
连爱勤,男,47,people
张鹏,男,45,people
范弘斐,男,45,people
孙明涛,男,41,people
徐海波,男,50,people
王三民,男,44,people
黄庆丰,男,43,people
黄毅,男,56,people
刘鹏展,男,52,people
包启发,男,54,people
王强,男,60,people
章德辉,男,50,people
周忠国,男,51,people
俞培俤,男,59,people
程光,男,60,people
童甫,男,36,people
牟伟刚,男,56,people
张翔华,男,59,people
陶平,男,52,people
郭端端,男,47,people
俞锦,男,35,people
张志良,男,57,people
柯生灿,男,35,people
董凤亮,男,46,people
王臻,女,38,people
李建勇,男,62,people
俞敏亮,男,61,people
徐永模,男,62,people
李晋昭,男,56,people
徐千,男,56,people
邵晓明,男,60,people
陶云鹏,男,48,people
赵魁,男,58,people
张春明,男,49,people
郭丽娟,女,55,people
李叶青,男,54,people
徐而进,男,50,people
王治义,男,53,people
张谦,男,50,people
袁国华,男,52,people
秦青林,男,56,people
夏雪松,男,48,people
陈嘉明,男,56,people
张敏,男,56,people
叶永明,男,54,people
邹宁,男,49,people
王斌,男,51,people
张黎明,男,53,people
肖志杰,男,55,people
朱湘凯,男,50,people
范秉勋,男,72,people
卢宇洁,男,48,people
徐子瑛,女,49,people
刘杰,男,50,people
花峻,男,45,people
蓝青松,男,53,people
俞乃奋,女,53,people
董鑑华,男,53,people
刘训峰,男,53,people
黄岱列,男,59,people
张朋起,男,50,people
党悦栋,男,38,people
石力华,男,62,people
钱俊,男,57,people
龙炼,男,42,people
毛一忠,男,56,people
王霞,女,55,people
张伟民,男,50,people
孙潇桐,男,36,people
李春蓉,女,35,people
杨奕,男,46,people
张涛涛,男,38,people
杨国平,男,62,people
罗岚,女,52,people
黄金刚,男,53,people
张庆华,男,44,people
王义平,男,57,people
艾立华,男,60,people
王建裕,男,45,people
冯斌,男,46,people
张静,女,56,people
张羽祥,男,56,people
翁峻青,男,44,people
陈波,男,39,people
邬碧峰,女,56,people
王安安,女,52,people
王建凯,男,49,people
苏毅,男,49,people
谢铁桥,男,65,people
庆九,男,49,people
高毅,男,50,people
金国培,男,55,people
施良才,男,56,people
缪昌文,男,61,people
罗邦毅,男,51,people
黄柏集,男,40,people
谢志峰,男,42,people
丁彩峰,男,55,people
高佑成,男,50,people
孙兆荣,男,38,people
樊开曙,男,60,people
张建雄,男,51,people
吕婕,女,45,people
沈汉标,男,46,people
薛革文,男,49,people
沈建华,男,54,people
王均金,男,50,people
谢子龙,男,52,people
王子峥,男,30,people
沈汉标,男,46,people
顾益明,男,48,people
周懿,男,45,people
熊先军,男,38,people
周效田,男,60,people
赵宏亮,男,55,people
王黎,女,36,people
鞠喜林,男,61,people
王妙玉,女,42,people
顾佳,男,32,people
赵瑞海,男,53,people
向朝东,男,68,people
夏国新,男,50,people
林建华,男,56,people
章沈强,男,51,people
钱高法,男,69,people
高勇,男,51,people
余亦坤,男,32,people
吴娜妮,女,44,people
徐应超,男,36,people
蓝地,男,42,people
胡伟民,男,56,people
钱菊平,男,40,people
钱国耀,男,46,people
涂建华,男,55,people
张霞,女,35,people
张海明,男,57,people
叶利明,男,59,people
王保庆,男,61,people
唐国宏,男,57,people
陈士斌,男,52,people
张桂丰,男,55,people
何文健,男,53,people
陈晓,男,33,people
吴秋婷,女,39,people
陆斌,男,58,people
姜从斌,男,49,people
仇冰,男,46,people
张桂潮,男,48,people
陆伟,男,44,people
蔡明通,男,66,people
蔡劲军,男,40,people
陶灵萍,女,48,people
王江林,男,48,people
戚建国,男,57,people
吴志雄,男,46,people
李春第,男,67,people
华建飞,男,49,people
丁毅,男,66,people
胡建荣,男,43,people
王雅琴,女,51,people
戚淦超,男,31,people
徐春梅,女,39,people
金卫东,男,55,people
夏崇耀,男,59,people
侯军呈,男,54,people
郭茂,男,48,people
朱逢学,男,47,people
陆春校,男,50,people
林天福,男,56,people
毛英,女,42,people
卢凤仙,女,62,people
王致勤,男,54,people
贺正刚,男,64,people
丁云峰,男,55,people
夏峰,男,33,people
方玉友,男,49,people
林清辉,男,50,people
许伯新,男,48,people
宋艳俊,女,54,people
花莉蓉,女,50,people
周素明,男,56,people
何晓兰,女,55,people
朱朝阳,男,53,people
徐新建,男,54,people
李裕陆,男,44,people
倪祖根,男,61,people
许树根,男,53,people
李广胜,男,45,people
陈志红,男,61,people
吴建峰,男,52,people
陈洪,男,46,people
万旭昶,男,53,people
李来斌,男,32,people
王平平,男,64,people
骆亚君,男,39,people
孙望平,男,53,people
李永强,男,47,people
谢冰,男,43,people
吕世平,男,53,people
丁宏广,男,60,people
向彬,男,49,people
杜应流,男,66,people
张初全,男,47,people
王明玮,男,46,people
李铭浚,男,41,people
姚健华,女,51,people
李士俊,男,65,people
丁伊可,女,31,people
韩广源,男,54,people
林欣,男,44,people
陈少琳,女,48,people
胡丹锋,男,39,people
庞康,男,62,people
孙丰,男,40,people
窦勇,男,42,people
林道藩,男,57,people
康健,男,47,people
李丽莎,女,40,people
舒畅,男,56,people
应大成,男,46,people
程雪,女,48,people
赵建华,男,40,people
郑洪霞,女,47,people
曾文光,男,50,people
邵明海,男,52,people
田云飞,男,38,people
高政权,男,50,people
倪永培,男,66,people
许芸霞,女,29,people
张璞临,男,53,people
陈德康,男,67,people
杨卫新,男,50,people
黎福超,男,60,people
陈洪民,男,64,people
蒋学真,男,58,people
杨照兵,男,42,people
卢建平,男,55,people
任世宏,男,56,people
王友昆,男,60,people
于新建,男,59,people
赵宏伟,男,48,people
宗楼,男,40,people
董晓燕,女,57,people
朱碧新,男,53,people
陈宇,男,46,people
张奇,男,54,people
匡振兴,男,51,people
汪大维,男,74,people
钱金波,男,54,people
陈颖奇,男,57,people
刘辉,男,45,people
吴朋,男,55,people
胡也明,男,57,people
徐涛,男,49,people
胡祖敏,男,48,people
汪建斌,男,50,people
高文明,男,53,people
黄俊朝,男,64,people
刘长明,男,55,people
王昆,男,47,people
郑良才,男,69,people
Gerald G Wong,男,65,people
赵安林,男,58,people
曾小平,男,57,people
赖云来,男,60,people
朱斌,男,50,people
郭天明,男,54,people
王娟,女,41,people
李永坚,男,43,people
赵海波,男,44,people
陈志龙,男,41,people
莫融,男,46,people
黄粤宁,男,55,people
丛中笑,男,50,people
于海明,男,48,people
郑建军,男,68,people
陈振华,男,56,people
曹文洁,女,48,people
张德华,男,65,people
魏中浩,男,64,people
李国杰,男,75,people
杨卫东,男,52,people
冯正功,男,52,people
吴海宏,男,65,people
白哲松,男,54,people
徐宏菁,女,50,people
张刚,男,40,people
葛文斌,男,51,people
历军,男,50,people
刘鹏,男,52,people
张谨,女,48,people
熊钰麟,男,64,people
石华辉,男,61,people
严建文,男,51,people
高献国,男,58,people
靳坤,男,60,people
陈阿裕,男,56,people
徐涛明,男,56,people
王蔚,男,52,people
俞田龙,男,51,people
管亚平,男,51,people
沙玲,女,52,people
高峰,男,55,people
靳晓堂,男,32,people
沈冬良,男,47,people
李政涛,男,45,people
Vage Oganesion,男,49,people
徐增增,女,65,people
林瑞荣,男,57,people
王振滔,男,53,people
王一彪,男,54,people
杨建军,男,55,people
李庆萍,女,56,people
奚正刚,男,53,people
姜德义,男,54,people
刘策,男,40,people
江胜宗,男,51,people
王进权,男,45,people
叶蓁蓁,男,42,people
陈闯,男,49,people
孙德顺,男,60,people
王高峰,男,61,people
曾劲,男,48,people
陈进行,男,62,people
姜仁锋,男,54,people
陈慕华,女,96,people
刘明东,男,48,people
李开国,男,56,people
程方方,男,56,people
田国立,男,58,people
张轩松,男,47,people
王欣,男,57,people
王良,男,56,people
陈四清,男,58,people
李长征,男,54,people
万鑫铭,男,40,people
张继祥,男,53,people
王祖继,男,60,people
张轩宁,男,48,people
王胜杰,男,55,people
张建康,男,55,people
黄小文,男,56,people
陈培,男,56,people
冯焕培,男,52,people
高利,男,57,people
陈景河,男,61,people
李延江,男,60,people
高雪菘,男,44,people
周斌,男,51,people
王海民,男,45,people
杨伯达,男,48,people
朱仁德,男,55,people
何亚刚,男,54,people
蓝福生,男,54,people
彭毅,男,55,people
陶安祥,男,60,people
李刚,男,51,people
刘载望,男,46,people
张乙明,男,54,people
南存辉,男,55,people
苏新刚,男,60,people
孙月英,女,60,people
王宜林,男,62,people
陶良凤,女,45,people
彭辉,男,56,people
齐美胜,男,50,people
曹杰,男,52,people
刘起涛,男,61,people
周晓萍,女,57,people
张延丰,男,58,people
许兴利,男,47,people
徐文卫,男,52,people
徐颂,男,46,people
王国荣,男,47,people
王大雄,男,57,people
薛峰,男,51,people
章建华,男,53,people
曹树杰,男,54,people
吴文胜,男,50,people
陈奋健,男,56,people
俞志明,男,53,people
陈永红,男,45,people
潘信强,男,66,people
陈明坚,男,49,people
牟刚,男,48,people
刘化龙,男,56,people
郑建华,男,58,people
李义岭,男,49,people
焦承尧,男,55,people
范建刚,男,64,people
李晋平,男,54,people
邬建树,男,54,people
王延辉,男,49,people
孙永才,男,54,people
朱克林,男,55,people
袁海黎,男,51,people
贾浩,男,48,people
杨俊,男,41,people
孙玉福,男,57,people
王斌,男,43,people
周易,男,49,people
周勇,男,52,people
张忠正,男,75,people
马廷义,男,62,people
晏志勇,男,60,people
官庆,男,54,people
向阳,男,59,people
姚培武,男,54,people
魏建军,男,54,people
朱德权,男,53,people
化新民,男,53,people
孙洪水,男,56,people
王祥明,男,55,people
康国峰,男,54,people
张柏忠,男,53,people
王凤英,女,47,people
杨明生,男,63,people
国文清,男,54,people
侯松容,男,50,people
俞章法,男,51,people
周军,男,49,people
孔庆伟,男,58,people
余德辉,男,58,people
钱文龙,男,65,people
林岱仁,男,60,people
张兆祥,男,55,people
赵淑文,女,50,people
王春民,男,59,people
左敏,男,57,people
卢东亮,男,45,people
缪进义,男,53,people
贺江川,男,53,people
金建顺,男,59,people
郑坚江,男,57,people
林聪颖,男,58,people
马忠,男,55,people
范力,男,52,people
张志宏,男,57,people
毕忠德,男,56,people
李伟东,男,50,people
翁桂珍,女,55,people
冷泠,男,37,people
陈金盾,男,60,people
王波,男,47,people
钱晓红,女,49,people
徐可,男,40,people
刘先福,男,54,people
黄晓佳,男,38,people
易会满,男,54,people
李长进,男,59,people
杨华辉,男,52,people
李宏安,男,53,people
杨卫新,男,57,people
万峰,男,60,people
武勇,男,54,people
王培玉,男,44,people
谷澍,男,51,people
张宗言,男,55,people
刘志辉,男,49,people
陈党民,男,53,people
杨卫国,男,63,people
黎宗剑,男,57,people
胡酃酃,男,54,people
彭纯,男,56,people
马明哲,男,62,people
周鸿祎,男,48,people
刘国本,男,74,people
崔殿国,男,64,people
周慕冰,男,61,people
陆文俊,男,51,people
庞庆华,男,63,people
王冬胜,男,67,people
孙建一,男,65,people
石晓虹,男,48,people
刘长来,男,49,people
奚国华,男,55,people
赵欢,男,55,people
曾庆洪,男,57,people
陈士良,男,55,people
张洪本,男,71,people
孙青松,男,58,people
薛非,男,55,people
王玉生,男,59,people
杨照乾,男,55,people
陆永华,男,55,people
包士金,男,59,people
黄辉,男,54,people
冯兴亚,男,49,people
许金祥,男,54,people
魏镇炎,男,64,people
霍利,男,54,people
沈凯平,男,62,people
包振华,男,33,people
张杰,男,47,people
于少波,男,50,people
龚国贤,男,54,people
魏庆华,男,54,people
孙熠嵩,男,55,people
孟凤朝,男,60,people
张雅林,男,54,people
冯光,男,57,people
张东宁,男,58,people
唐安斌,男,50,people
华锋,男,49,people
谭世豪,男,54,people
姜岩飞,男,58,people
庄尚标,男,55,people
裴振江,男,54,people
杨水余,男,47,people
张永利,男,53,people
高建平,男,59,people
王世安,男,55,people
李真,男,55,people
谢识才,男,57,people
高秀环,女,54,people
王任飞,男,52,people
李义邦,男,50,people
陶以平,男,55,people
郑如彬,男,51,people
陈永坚,男,67,people
张明,男,43,people
张涛,男,47,people
彭富庆,男,52,people
陈念慈,男,67,people
王露,男,38,people
丁尔民,男,53,people
蔡剑江,男,54,people
周黎明,男,54,people
赵刚,男,50,people
汪立平,男,52,people
丁吉,男,45,people
龚曙光,男,59,people
许骏,男,61,people
宋志勇,男,53,people
郑海军,男,59,people
隋炳利,男,55,people
姚志伟,男,52,people
郑亚南,男,63,people
丁双平,男,54,people
凌文,男,55,people
杜玉岱,男,58,people
赵剡水,男,55,people
程涛,男,39,people
王煜,男,48,people
张志华,男,54,people
毛剑宏,男,54,people
刘斌,男,55,people
李东,男,58,people
延万华,男,45,people
王二龙,男,54,people
李保平,男,54,people
钟宝申,男,51,people
焦云,男,62,people
陆国民,男,54,people
张秀智,女,54,people
王次忠,男,55,people
宫黎明,男,56,people
陈松林,男,55,people
胡正鸣,男,42,people
胡昇荣,男,55,people
李春宏,男,57,people
李茜,女,43,people
赵春雷,男,56,people
吉忠民,男,57,people
李振国,男,50,people
焦岩岩,女,36,people
顾建华,男,60,people
束行农,男,55,people
王新文,男,50,people
金美成,男,55,people
毕守锋,男,47,people
周竹平,男,55,people
陈有升,男,52,people
蔡永龙,男,63,people
张有喜,男,60,people
宣国宝,男,46,people
霍达,男,50,people
刘宝林,男,65,people
张建公,男,51,people
涂德令,男,54,people
甘贵平,男,55,people
蔡晋彰,男,38,people
刘敬,男,52,people
米献炜,男,53,people
王岩,男,52,people
刘树林,男,61,people
曹玉忠,男,57,people
黄兴仓,男,50,people
骆东,男,48,people
陈平,男,56,people
黄忠渠,男,60,people
张房有,男,62,people
陈信平,男,56,people
朱重庆,男,65,people
李明鲁,男,49,people
杨宏军,男,48,people
娄兵,女,57,people
王小刚,男,55,people
李建新,男,65,people
何启跃,男,59,people
朱建庆,男,61,people
石葱岭,男,50,people
柴昭一,男,50,people
吴胜波,男,52,people
吕建伟,男,55,people
张剑,男,54,people
夏晓鸥,男,61,people
袁晓林,男,55,people
刘壮超,男,30,people
刘勤强,男,58,people
邱卫,男,58,people
雍凤山,男,50,people
周兆惠,男,56,people
陈述,男,53,people
梁殿印,男,58,people
余正军,男,50,people
万顺武,男,51,people
徐胜,男,43,people
何军,男,50,people
杨泽元,男,53,people
宋寿顺,男,55,people
范培顺,男,47,people
李全文,男,54,people
李刚,男,37,people
李高生,男,48,people
黄欣,男,56,people
李俊喜,男,53,people
邵文林,男,50,people
夏之云,男,56,people
李生希,男,54,people
单志鹏,男,52,people
罗磊,男,51,people
蔺志军,男,46,people
刘雨露,男,44,people
张继明,男,50,people
黄忠民,男,55,people
陈宝,男,56,people
顾汉德,男,59,people
潘鑫军,男,57,people
张建成,男,59,people
张民生,男,50,people
周镇科,男,43,people
李亚,男,51,people
刘朗明,男,51,people
林风华,男,54,people
廖小同,男,58,people
金文忠,男,54,people
盛洪,男,46,people
杨先锋,男,53,people
谢建龙,男,31,people
李建新,男,43,people
朱雷,男,45,people
丁明国,男,55,people
潘刚,男,48,people
胡刚,男,56,people
郭满金,男,70,people
庄巍,男,52,people
刘志波,男,55,people
柴琇,女,53,people
杨松柏,男,48,people
钟书高,男,54,people
胡利平,男,48,people
罗绍香,男,54,people
刘圳田,男,50,people
钱程,男,45,people
施阳,男,50,people
白丽君,女,54,people
宋尚龙,男,65,people
连华,女,47,people
刘眉玄,男,53,people
李华光,男,53,people
张冲,男,55,people
邹磊,男,52,people
刘玉军,男,52,people
王爱军,女,46,people
刘树森,男,56,people
袁继国,男,42,people
王亚文,男,55,people
张钊,男,50,people
谢军,男,52,people
张晓仑,男,54,people
唐福生,男,44,people
何君,男,44,people
熊炜,男,50,people
孙清德,男,55,people
王春芳,男,49,people
蒋承志,男,32,people
温增勇,男,43,people
李一奎,男,67,people
陈武,男,50,people
陈夏鑫,男,56,people
李常谨,男,48,people
陈锡坤,男,53,people
刘刚,男,49,people
蒋华君,男,55,people
陈伟生,男,49,people
李聪,男,54,people
罗宁,男,56,people
陈琳玲,女,38,people
赵洪波,男,49,people
李向良,男,50,people
李志强,男,53,people
王禄征,男,55,people
王军,男,46,people
刘毅,男,58,people
王志盛,男,48,people
应飞军,男,54,people
张凯臣,男,54,people
高原,男,47,people
张军,男,55,people
白凡,男,49,people
李俊杰,男,40,people
杜宝祥,男,59,people
马云鹏,男,46,people
严鹏,男,39,people
黄博,男,48,people
史燕中,男,45,people
沈华平,男,50,people
尚云龙,男,45,people
汪浩,女,50,people
孟文波,男,46,people
游小明,男,51,people
郭小军,男,35,people
尚珊萍,女,54,people
程小平,男,56,people
袁国华,男,52,people
刘悉承,男,56,people
丁洁民,男,61,people
田玉龙,男,49,people
陈璞,男,55,people
俞锋,男,46,people
林建民,男,57,people
夏雪松,男,48,people
王斌,男,51,people
张敏,男,56,people
蓝青松,男,53,people
赵勇,男,55,people
张黎明,男,53,people
张晶,女,55,people
张晔,男,57,people
朱湘凯,男,50,people
花峻,男,45,people
卢宇洁,男,48,people
钱俊,男,57,people
李进,男,51,people
许骍,男,48,people
周杰,男,51,people
费屹立,男,45,people
陈嘉明,男,56,people
俞光耀,男,59,people
徐子瑛,女,49,people
钮卫平,女,64,people
晏兆祥,男,60,people
戴天,男,45,people
瞿秋平,男,57,people
沈伟荣,男,59,people
范秉勋,男,72,people
顾诚,男,56,people
孙伟,男,48,people
徐辉,男,56,people
王立强,男,52,people
潘昵琥,男,56,people
邱樟海,男,54,people
张镇平,男,57,people
高宏彪,男,49,people
叶永明,男,54,people
曹炜,男,51,people
陈启伟,男,55,people
杨传华,男,56,people
许荣茂,男,68,people
孟晓东,男,46,people
胡涛,男,47,people
徐子瑛,女,49,people
陈小宏,男,49,people
吴晓晖,男,52,people
高光庆,男,60,people
许薇薇,女,43,people
秦青林,男,56,people
刘明,男,56,people
张焰,男,57,people
赵健,男,47,people
程涛,男,39,people
王少钦,男,60,people
张振斌,男,58,people
童民强,男,60,people
刘文富,男,56,people
张宏伟,男,64,people
郑晓广,男,53,people
谭忠豹,男,55,people
丁毅,男,54,people
肖志杰,男,55,people
司永胜,男,53,people
周文波,男,54,people
保罗.拉芬斯克罗夫特,男,47,people
戴骏超,男,40,people
曾昭秦,男,49,people
高超,女,38,people
王功尤,男,55,people
俞勇,男,54,people
王鹤,男,52,people
魏岭,男,56,people
孙明涛,男,41,people
张电子,男,56,people
韩建书,男,56,people
钱海帆,男,57,people
王永文,男,55,people
张晓毅,男,54,people
王连春,男,48,people
乔保平,男,63,people
唐勇,男,44,people
易从,男,55,people
彭伟,男,50,people
李育海,男,44,people
葛梅荣,男,54,people
彭欣,男,46,people
杨玉晴,男,53,people
冯树臣,男,54,people
高福兴,男,56,people
王晓华,男,53,people
李立,男,45,people
袁海臻,男,52,people
虞伟强,男,44,people
颜骏廷,男,55,people
刘实,男,54,people
王仲会,男,55,people
韩铁林,男,60,people
曲奎,男,52,people
刘卫国,男,55,people
王飚,男,50,people
夏文勇,男,46,people
朱文臣,男,52,people
王启瑞,男,53,people
莫志明,男,54,people
邓军,女,62,people
孙晖,男,49,people
刘伯哲,男,54,people
管财堂,男,54,people
朱成功,男,57,people
李明星,男,52,people
范祥福,男,61,people
聂如旋,男,59,people
刘珂,男,47,people
周忠国,男,51,people
徐国飞,男,56,people
张宪华,男,64,people
朱贤麟,男,57,people
张斌,男,45,people
何荣辉,男,42,people
勇军,男,51,people
徐联春,男,42,people
郭端端,男,47,people
陈宽义,男,56,people
张晴,女,61,people
曾云,男,50,people
杨红飞,男,50,people
昝圣达,男,55,people
董耀军,男,49,people
陈炜,男,46,people
海乐,女,44,people
姬苏春,男,56,people
范国平,男,56,people
吕建明,男,53,people
张德进,男,55,people
邢光新,男,52,people
尹征,男,64,people
宋汉心,男,63,people
徐慧涛,男,41,people
李雁北,男,52,people
张纥,男,56,people
杨安国,男,52,people
郭殿满,男,59,people
纪瑞东,男,50,people
王文韬,男,44,people
林守信,男,62,people
陈义国,男,54,people
王柏华,男,53,people
许晓曦,男,49,people
俞敏亮,男,61,people
梁衍锋,男,53,people
张德辉,男,54,people
邱菊生,男,56,people
王静莲,女,57,people
高少镛,男,46,people
郭丽娟,女,55,people
蒋华明,男,46,people
孙光裕,男,74,people
童甫,男,36,people
卢小青,女,50,people
欧阳旭,男,50,people
曾明,男,48,people
梁军,男,57,people
胡宗贵,男,47,people
张学政,男,43,people
李东涛,男,50,people
柯生灿,男,35,people
邓跃华,男,60,people
高充彦,女,47,people
唐钧,男,51,people
刘俊余,男,57,people
范立明,男,50,people
徐庆华,男,57,people
邹嘉华,男,60,people
杜凤超,男,56,people
张丕杰,男,57,people
陈虹,男,57,people
尚书志,男,66,people
张宏,男,57,people
夏令和,男,53,people
王星,男,44,people
徐永胜,男,57,people
李然,男,45,people
王玉明,男,61,people
陈志鑫,男,59,people
葛郁,男,56,people
洪一丹,女,39,people
李风春,女,53,people
徐明,男,57,people
张建华,男,65,people
景百孚,男,48,people
胡革伟,男,52,people
李勇军,男,45,people
刘卫东,男,51,people
马建斌,男,43,people
何谦,男,51,people
刘伟,男,53,people
王虎勇,男,49,people
王毅坤,男,46,people
迟英利,女,53,people
陈孟钊,男,41,people
王晓光,男,62,people
印涛,男,41,people
李勇,男,55,people
王立新,男,51,people
陈树常,男,55,people
董凤亮,男,46,people
周斌,男,51,people
周茂非,男,54,people
程国勋,男,55,people
陶昀,男,64,people
黎军,男,49,people
陈东,男,46,people
张金增,男,43,people
陶云鹏,男,48,people
王烈,男,54,people
王森,男,44,people
徐勇,男,54,people
周建军,男,52,people
覃耀杯,男,48,people
应海珍,女,50,people
杨永清,男,52,people
李浩,男,28,people
沈宏泽,男,53,people
陈忠国,男,51,people
李耀杰,男,46,people
录大恩,男,58,people
王挺革,男,57,people
林志强,男,44,people
蔡济波,男,49,people
李武,男,57,people
邢秀燕,女,48,people
李淼,男,53,people
柳三洋,男,49,people
赵宏伟,男,51,people
陈继达,男,59,people
刘力,男,48,people
张大成,男,64,people
李键,男,58,people
王剑峰,男,48,people
林科闯,男,42,people
黄毅,男,56,people
曹和平,男,62,people
张佟,男,41,people
俞乃奋,女,53,people
李强,男,52,people
何显峰,女,47,people
杨西安,男,62,people
范金洪,男,55,people
刘鹏展,男,52,people
于惠舫,女,55,people
韩啸,男,29,people
龙炼,男,42,people
牛钢,男,58,people
施文义,男,50,people
张忠,男,50,people
冯志武,男,53,people
梁海山,男,52,people
邹宁,男,49,people
吴海君,男,55,people
徐建刚,男,50,people
孟浩,男,55,people
朱红志,女,48,people
朱刚,男,55,people
朱壮瑞,男,44,people
谭丽霞,女,48,people
刘杰,男,50,people
高金平,男,51,people
周锋,男,41,people
邱志向,男,47,people
谢思瑜,男,53,people
韩广德,男,56,people
罗晓,男,52,people
田振清,男,53,people
杨怀珍,女,55,people
王东海,男,54,people
徐千,男,56,people
梁斐,男,37,people
陈忠前,男,55,people
黄静,女,49,people
高一轩,男,37,people
朱爱华,女,56,people
韩啸,男,47,people
王治义,男,53,people
潘漫,男,34,people
敖刚,男,55,people
张仁良,男,57,people
冯经明,男,59,people
刘国强,男,61,people
张寓帅,男,31,people
赵非凡,男,35,people
袁晨亮,男,63,people
蒋晓萌,男,54,people
崔维兵,男,52,people
朱戟敏,男,55,people
是飞舟,男,50,people
刘体斌,男,55,people
张红伟,男,46,people
宫平强,男,36,people
全凯,男,55,people
虞建红,男,52,people
赵振元,男,63,people
左洪波,男,53,people
俞向前,男,51,people
张镇平,男,57,people
李晋昭,男,56,people
叶章毅,男,42,people
曹德旺,男,72,people
王岩,男,58,people
孙鸿伟,男,52,people
杨鑫宏,男,47,people
李炳茂,男,50,people
孟晓东,男,46,people
徐而进,男,50,people
陈放,男,59,people
曹晖,男,47,people
龚晓青,男,53,people
许佳明,男,34,people
徐晓亮,男,45,people
涂国身,男,53,people
祁玉民,男,59,people
谢鹏,男,39,people
黄金刚,男,53,people
邵晓明,男,60,people
汲广林,男,44,people
江华茂,男,44,people
龚平,男,43,people
王蕾,女,36,people
池冶,男,55,people
吴烨,男,37,people
庄申安,男,54,people
朱虔,男,45,people
陈帅,男,44,people
刘宏,男,56,people
刘社梅,男,55,people
李德福,男,60,people
廖政权,男,54,people
王均金,男,50,people
须伟泉,男,57,people
朱旭东,男,54,people
李安民,男,49,people
俞勇,男,48,people
詹爱民,男,39,people
王勇,男,51,people
李琦,女,45,people
范永进,男,57,people
奚力强,男,54,people
程光,男,60,people
陈之超,男,47,people
王颖,女,52,people
汤文侃,男,45,people
程齐鸣,男,62,people
王建军,女,57,people
陈彦,女,41,people
杨国平,男,62,people
王晓强,男,38,people
蒋国兴,男,49,people
马新生,男,64,people
陆却非,男,62,people
凌钢,男,62,people
徐忠伟,男,56,people
梁嘉玮,男,45,people
潘槿瑜,女,37,people
张雪南,男,51,people
贺涛,男,63,people
王卫民,男,49,people
秦云,男,56,people
徐若海,男,56,people
姚明华,男,57,people
苗华,男,58,people
赵文斌,男,44,people
刘训峰,男,53,people
陈爽,男,51,people
薛继凤,女,51,people
李安,女,57,people
徐家平,男,63,people
陆志军,男,48,people
范杰,男,55,people
孔爱国,男,51,people
王霞,女,55,people
钱明,男,55,people
蔡小庆,男,54,people
叶茂菁,男,47,people
董鑑华,男,53,people
黄岱列,男,59,people
刘军,男,51,people
龚如杰,男,52,people
涂建敏,女,51,people
张朋起,男,50,people
俞洋,男,48,people
景卫平,男,60,people
毛一忠,男,56,people
张伟民,男,50,people
凌人枫,男,49,people
杨帆,女,39,people
曹际东,男,46,people
孙潇桐,男,36,people
张涛涛,男,38,people
冯斌,男,46,people
石力华,男,62,people
杨国平,男,62,people
党悦栋,男,38,people
刘鹏程,男,51,people
雷升逵,男,52,people
吕明方,男,61,people
张玉良,男,62,people
杨奕,男,46,people
张静,女,56,people
李春蓉,女,35,people
刘宏,男,53,people
黎兴宏,男,42,people
周杰,男,51,people
陆建成,男,60,people
郑树昌,男,52,people
罗岚,女,52,people
蒙科良,男,50,people
黄金刚,男,53,people
刘建,男,56,people
黄克兴,男,55,people
李民,男,56,people
刘长友,男,56,people
米展成,男,53,people
张羽祥,男,56,people
杨铁军,男,55,people
翁峻青,男,44,people
侯郁波,男,49,people
樊伟,男,58,people
黄叶璞,男,37,people
贺天元,男,55,people
张崇建,男,55,people
吴建华,男,53,people
崔红松,男,49,people
窦啟玲,女,58,people
王双宏,男,62,people
曾凡沛,男,51,people
黄代放,男,55,people
朱航明,男,48,people
吴严明,男,44,people
张松江,男,54,people
郎洪平,男,53,people
陈荣辉,男,53,people
陈晋辉,男,51,people
李吉生,男,53,people
杨宝生,男,59,people
王文京,男,53,people
许尚峰,男,58,people
王刚,男,58,people
高登榜,男,57,people
王新潮,男,62,people
金晓剑,男,59,people
王金华,男,61,people
林岳金,男,51,people
郭新平,男,55,people
王克旭,男,61,people
沈东新,男,55,people
王建超,男,54,people
张文义,男,72,people
林瑶生,男,57,people
陈建成,男,59,people
吴德政,男,63,people
肖世猛,男,63,people
耿养谋,男,56,people
李晓,男,45,people
燕东来,男,34,people
张宝春,男,59,people
高振安,男,59,people
张志刚,男,44,people
庞欣元,男,39,people
孙中心,男,54,people
张平,男,51,people
陈彬,男,49,people
王衡,男,32,people
马进华,男,53,people
肖国锋,男,49,people
胡季强,男,57,people
许德来,男,53,people
曹龙祥,男,61,people
张伟良,男,55,people
叶继革,男,61,people
曹飞,男,35,people
严春光,男,55,people
陈国彬,男,49,people
吴明武,男,51,people
向志鹏,男,43,people
彭政纲,男,49,people
李利剑,男,55,people
李欣雨,男,54,people
潘金堂,男,56,people
罗韶颖,女,45,people
葛黎明,男,55,people
郭亚军,男,62,people
胡宇,男,46,people
刘曙峰,男,48,people
张晓柏,男,52,people
刘彦龙,男,53,people
王民,男,54,people
肖伟,男,59,people
张琲,男,46,people
薛桓,男,51,people
夏宁,男,50,people
吴隼,男,51,people
张鹏,男,45,people
杨光浩,男,46,people
黄长庚,男,53,people
胡伟,男,56,people
魏志民,男,69,people
程春雷,男,54,people
凌娅,女,58,people
陈凤桃,女,37,people
刘淑娟,女,50,people
鲍兆臣,男,50,people
邓英杰,女,54,people
吴亚德,男,54,people
李国红,男,48,people
王为民,男,52,people
赵国柱,男,54,people
马晓宏,男,52,people
曹志东,男,47,people
潘利斌,男,54,people
荀耀,男,32,people
王培月,男,57,people
苏新强,男,50,people
张金虎,男,56,people
刘江,男,46,people
王巧萍,女,52,people
李勇,男,53,people
孙铁囤,男,56,people
周进军,男,46,people
闫凯境,男,39,people
江劲松,男,50,people
俞倪荣,男,39,people
杨安国,男,64,people
杨国平,男,62,people
柴文,男,69,people
易铁军,男,55,people
谌志华,男,47,people
蒋晓萌,男,54,people
范业铭,男,55,people
张辉,男,55,people
任文艺,男,51,people
朱敏骏,男,52,people
扈永刚,男,53,people
黄振宇,男,56,people
陶冶,男,34,people
舒英钢,男,60,people
许晓文,男,60,people
张晓军,男,60,people
薛济萍,男,67,people
黄言勇,男,51,people
李保芳,男,60,people
浦金龙,男,56,people
汤月明,男,56,people
吴启权,男,43,people
唐海滨,男,56,people
丁铁骑,男,59,people
陈迎志,男,54,people
赵书跃,男,60,people
马兴田,男,49,people
宋云翔,男,52,people
杨光,男,59,people
黄秋,男,54,people
夏春来,男,44,people
叶林富,男,52,people
姜修昌,男,54,people
戈亚芳,女,46,people
许冬瑾,女,48,people
汪龙生,男,66,people
党锡江,男,54,people
曾标志,男,40,people
钱振华,男,47,people
叶立春,男,63,people
李志刚,男,49,people
葛维龙,男,54,people
赵磊,男,55,people
包正明,男,55,people
谢飞鸣,男,49,people
陈义斌,男,45,people
卿松,男,47,people
林立新,男,56,people
赵时运,男,56,people
薛亮,男,55,people
刘伟,男,51,people
毛中华,男,52,people
雷骞国,男,56,people
独文辉,男,48,people
古强,男,54,people
王励勋,男,34,people
霍向东,男,43,people
文树梁,男,47,people
刘红生,男,52,people
卢勤,男,58,people
鲁国庆,男,56,people
孙勇,男,46,people
方朝阳,男,51,people
张朝宏,男,49,people
陈澄清,男,72,people
何纪武,男,54,people
程晓曦,男,58,people
边程,男,54,people
吕卫平,男,56,people
孙成余,男,47,people
孙关富,男,53,people
孔炯刚,男,45,people
李常春,男,66,people
刘宝生,男,61,people
缪文彬,男,40,people
赵延成,男,53,people
江端预,男,56,people
钟发平,男,52,people
单银木,男,58,people
董志宏,男,51,people
蒋志坚,男,51,people
陈嘉生,男,52,people
缪志强,男,51,people
牟月辉,男,39,people
蹇顺,男,47,people
张聚东,男,49,people
张振勇,男,56,people
张华,女,50,people
缪强,男,47,people
方劲松,男,43,people
白忻平,男,50,people
左斌,男,53,people
唐传勤,男,64,people
杨铿,男,57,people
卞云鹏,男,44,people
李钢,男,48,people
陈向东,男,56,people
王锋,男,53,people
史祺,男,58,people
李俊峰,男,37,people
张巧龙,男,42,people
贺锦雷,男,44,people
史晓华,男,53,people
范伟宏,男,56,people
郭俊梅,女,48,people
李东林,男,51,people
王文生,男,57,people
王萍,女,43,people
张波,男,54,people
尹自波,男,50,people
王力民,男,55,people
杜宣,男,55,people
潘再富,男,44,people
杨军,男,46,people
雷让岐,男,55,people
屈泓全,男,53,people
杨玉文,男,52,people
李永进,男,55,people
闫英山,男,46,people
赵剑,男,51,people
陈学东,男,54,people
郑有全,男,64,people
刘汉元,男,54,people
刘建顺,男,55,people
苏立航,男,58,people
张强,男,44,people
王若冰,男,48,people
常毅,男,55,people
许强,男,56,people
郑文青,女,37,people
严虎,男,54,people
陈纪鹏,男,50,people
浮德海,男,55,people
钟天崎,男,39,people
马忠全,男,53,people
张学庆,男,52,people
丁农,男,57,people
常怀春,男,51,people
郑术建,男,52,people
陆胜云,男,48,people
汪思洋,男,31,people
周伟兴,男,58,people
周斌,男,50,people
刘让,男,54,people
陈威,男,48,people
董岩,男,54,people
宁沉浮,男,42,people
李兆胜,男,53,people
李双友,男,50,people
钱汉新,男,66,people
李智明,男,56,people
胡刚,男,50,people
安进,男,61,people
柳秀导,男,54,people
朱旻,男,43,people
王维航,男,52,people
么志义,男,61,people
杨锦龙,男,46,people
奚国富,男,53,people
何振亚,男,64,people
项兴初,男,48,people
汤鸿辉,男,56,people
赵文阁,男,50,people
刘清涛,男,49,people
王春生,男,54,people
王风斌,男,54,people
郑宗强,男,49,people
吴琼,男,51,people
吴同性,男,54,people
邱新,男,44,people
刘连红,女,52,people
孙启,男,54,people
周建平,男,58,people
林绍华,男,54,people
于学东,男,50,people
易国晶,男,56,people
胡平均,男,55,people
张杰,男,44,people
龚新度,男,63,people
姜臣宝,男,46,people
周立宸,男,30,people
林国尧,男,57,people
李延群,男,54,people
朱家道,男,48,people
杨树坪,男,60,people
杨育武,男,57,people
任珠峰,男,48,people
薛健,男,54,people
林冰,女,50,people
吕小奎,男,66,people
王春杰,男,53,people
凌克,男,59,people
杨树葵,男,56,people
熊奕,男,42,people
杜维吾,男,53,people
刘为东,男,50,people
廖剑锋,男,46,people
李同双,男,43,people
马京明,男,55,people
黄俊灿,男,47,people
张文东,男,34,people
张雪峰,男,49,people
朱保国,男,55,people
李军望,男,54,people
杨茂良,男,53,people
顾德军,男,55,people
潘利群,男,55,people
刘汉如,男,52,people
欧阳璟,男,50,people
陈定,男,51,people
刘广霞,女,49,people
郭建军,男,34,people
李守荣,男,51,people
姚永嘉,男,54,people
李岩,男,49,people
周学锋,男,53,people
赵东亮,男,55,people
张昆辉,男,55,people
管大源,男,55,people
卞平芳,女,59,people
廖庆轩,男,57,people
梁君,男,43,people
郭汉光,男,55,people
竺晓东,男,39,people
朱民安,男,55,people
陈远明,男,55,people
陈贵樟,男,45,people
卞建峰,男,41,people
吴坚,男,54,people
韩道均,男,56,people
梁启波,男,52,people
毛应才,男,51,people
何为民,男,47,people
曾智斌,男,44,people
龙子平,男,58,people
罗志伟,男,60,people
夏增文,男,66,people
白宏本,男,42,people
施亮,男,50,people
李怡平,男,63,people
张士伟,男,45,people
伍锐,男,47,people
吴育能,男,56,people
李春生,男,51,people
聂嘉宏,男,41,people
王青,男,39,people
施代成,男,53,people
徐祥,男,56,people
牟文恒,男,56,people
张学阳,男,56,people
周利民,男,54,people
王文学,男,51,people
覃伟中,男,47,people
黄建荣,男,61,people
李迎春,男,50,people
寇卫平,男,60,people
李蔚,男,49,people
廖胜兴,男,53,people
朱奇,男,47,people
孟惊,男,51,people
白玉光,男,53,people
何亚平,男,47,people
陈有权,男,56,people
陈江,男,56,people
张兴起,男,47,people
张志超,男,55,people
李楚源,男,52,people
黄建军,男,54,people
潘建清,男,55,people
李立群,男,58,people
夏闻迪,男,52,people
李德禄,男,54,people
高兵华,男,47,people
梁永祥,男,55,people
陈矛,男,54,people
王延俊,男,45,people
郑晓彬,男,48,people
余红,女,44,people
多吉罗布,男,45,people
袁小波,男,66,people
林耀棠,男,57,people
熊光宇,男,54,people
何延龙,男,39,people
朱连宇,男,48,people
李红卫,男,51,people
席国良,男,55,people
刘中刚,男,55,people
李光宁,男,47,people
金铎,女,52,people
毛铁,男,59,people
谢苏明,男,43,people
黄庆丰,男,43,people
韩海滨,男,46,people
吴昊,男,42,people
李和忠,男,50,people
洪蛟,男,49,people
张东方,女,56,people
陈章瑞,男,55,people
成卫,男,53,people
刘永,男,50,people
曹希波,男,54,people
许圣明,男,53,people
司政,男,54,people
曹春,男,51,people
刘东,男,54,people
臧亚利,女,46,people
庞庆平,男,54,people
辛永清,男,42,people
秦敏,男,49,people
廖增太,男,55,people
李晓亮,男,39,people
程子建,男,47,people
陈哲元,男,47,people
张玉宏,男,54,people
李进巅,男,72,people
朱寅,男,56,people
曹晓阳,男,58,people
寇光武,男,52,people
魏文光,男,43,people
阮强,男,42,people
钟静,女,45,people
聂旭东,男,46,people
梁文利,男,51,people
赵旭,男,54,people
周小溪,男,59,people
杨启典,男,60,people
Gerard Deman,男,72,people
俞学锋,男,64,people
李建平,男,57,people
冯诗伟,男,71,people
王臻,女,38,people
许锡忠,男,52,people
黄葆源,男,55,people
赵惠卿,男,52,people
郝志刚,男,40,people
李知洪,男,52,people
王新明,男,46,people
严平,男,66,people
赵魁,男,58,people
刘正斌,男,50,people
郑武生,男,52,people
郭予丰,男,59,people
陈孟列,男,34,people
曲飞,男,48,people
张家林,男,76,people
高松,男,47,people
刘三明,男,53,people
程剑军,男,57,people
罗小波,男,39,people
李少华,男,55,people
范志实,男,57,people
田绪文,男,48,people
鲁勇志,男,46,people
董燕燕,女,52,people
方芳,女,52,people
熊伟,男,34,people
罗芳艳,女,44,people
刘正洪,男,55,people
黄一新,男,53,people
张旭升,男,50,people
吴晓国,男,55,people
杨昌学,男,53,people
吕勇明,男,63,people
尹成国,男,53,people
张延红,女,48,people
何中辉,男,55,people
祝瑞荣,男,51,people
康山,男,55,people
陈新生,男,48,people
熊维明,男,57,people
瞿元庆,男,51,people
徐卫晖,男,48,people
孙飘扬,男,60,people
高士庆,男,60,people
管建忠,男,50,people
王强,男,60,people
高汝森,男,55,people
陈卫,男,43,people
朱弟雄,男,62,people
兰亚平,男,51,people
蒋新华,男,55,people
樊国红,男,56,people
汪建平,男,46,people
张翔华,男,59,people
邬青峰,男,53,people
官勇,男,44,people
王政,男,59,people
张木毅,男,54,people
刘毅,男,58,people
罗订坤,男,36,people
宋东升,男,50,people
王继杨,男,39,people
郭敏,男,55,people
郭良,男,51,people
徐德健,男,55,people
孙坚,男,54,people
孙永志,男,47,people
林发现,男,55,people
张志,男,50,people
欧阳静波,女,44,people
章睿,男,39,people
丁益兵,男,44,people
林钻煌,男,53,people
高建成,男,51,people
方项,男,52,people
王忆会,男,64,people
于世光,男,61,people
蔡全根,男,61,people
魏钢,男,57,people
徐红,女,50,people
莫善军,男,45,people
王栋,男,53,people
申方文,男,54,people
江泓毅,男,52,people
李祥军,男,38,people
谢晶,男,41,people
邓庆祝,男,51,people
许雷,男,52,people
冯彪,男,47,people
燕飞,男,41,people
王哲阳,男,57,people
王森,男,55,people
曹继华,男,56,people
吴太交,男,41,people
喻会蛟,男,52,people
傅国定,男,73,people
杜胜,男,50,people
曲锋,男,42,people
唐忠民,男,48,people
刘洪,男,50,people
陶毅铭,男,56,people
文广,男,45,people
谢华生,男,54,people
徐啟瑞,男,55,people
喻志贤,男,55,people
陈伟义,男,47,people
孟鸣飞,男,61,people
姬连强,男,37,people
丁林洪,男,53,people
沈培今,男,39,people
曹立明,男,46,people
李彦勇,男,47,people
马育民,男,53,people
钱友京,男,58,people
贾庆鹏,男,53,people
卢岐,男,38,people
周俊生,男,56,people
孙文秋,男,51,people
刘新林,男,47,people
董红林,女,51,people
李景亮,男,49,people
包启发,男,54,people
陈丽芬,女,59,people
程仁策,男,55,people
谢力,男,56,people
管爱国,男,56,people
李春波,男,59,people
吴锦华,男,28,people
李辉,男,46,people
牟伟刚,男,56,people
徐伟民,男,41,people
宋昌明,男,38,people
潘忠德,男,56,people
李涛,男,39,people
李俊喜,男,53,people
倪伟勇,男,52,people
钱栋,男,54,people
兰华升,男,47,people
陈达彬,男,61,people
沈雯,男,60,people
高松,男,53,people
林俊波,女,47,people
郭辉,男,48,people
熊柏青,男,55,people
李百成,男,50,people
田英智,男,50,people
周裕程,男,31,people
沈臻,男,36,people
余前,男,54,people
叶正猛,男,60,people
关军占,男,37,people
王兴权,男,45,people
刘兴亮,男,58,people
卞志航,男,49,people
杨凤明,男,55,people
张翀宇,男,64,people
赵唯一,男,64,people
宁中伟,女,56,people
黄志勤,男,57,people
陈智,男,52,people
刘云鹏,男,71,people
温春旺,男,54,people
刘万里,男,46,people
魏学峰,男,56,people
王小刚,男,38,people
张向阳,男,43,people
李永华,男,43,people
陈双英,男,53,people
陈启宇,男,46,people
王建成,男,54,people
翟金水,男,67,people
杨林,男,57,people
宋卫东,男,51,people
徐健,男,53,people
姜长龙,男,50,people
李希勇,男,55,people
姚方,男,48,people
薛廷伍,男,56,people
阙江阳,男,44,people
张希泰,男,56,people
张世潮,男,54,people
孙明涛,男,41,people
包卓,男,45,people
李伟,男,52,people
尹峻,男,44,people
鲁君四,男,52,people
叶明华,男,59,people
刘述峰,男,63,people
李怀靖,男,54,people
燕刚,男,40,people
郭东圣,男,40,people
丁宏伟,男,46,people
林强,男,52,people
张百锋,男,47,people
陈仁喜,男,51,people
陈应毅,男,50,people
李群立,男,36,people
王经文,男,46,people
陈笠宝,男,50,people
李如成,男,67,people
曹江林,男,52,people
闻掌华,男,54,people
陈嫣妮,女,36,people
乔秋生,男,53,people
董浩然,男,53,people
徐征,男,58,people
宋志强,男,47,people
李寒穷,女,41,people
蔡国斌,男,51,people
翁永堂,男,41,people
王希全,男,44,people
刘建设,男,51,people
马玉川,男,53,people
卞家骏,男,57,people
王创民,男,56,people
黄思,男,49,people
苏壮强,男,47,people
张夕勇,男,55,people
高小平,男,57,people
张骏,男,44,people
翟美卿,女,54,people
杨晓明,男,56,people
张志德,男,52,people
曹明,男,45,people
朱昌一,男,62,people
巩月琼,男,42,people
薛全伟,男,47,people
胡仲明,男,54,people
王坊坤,男,55,people
杨汇川,男,51,people
马云虎,男,50,people
徐培忠,男,56,people
杨洁,男,53,people
陶永泽,男,55,people
张勇峰,男,58,people
何承命,男,58,people
张建功,男,50,people
周黎旸,男,50,people
马志方,男,47,people
王军,男,54,people
黄云晴,男,54,people
李建雄,男,41,people
黄文洲,男,53,people
杨东文,男,54,people
闵斌,男,46,people
南大庆,男,59,people
王大为,男,39,people
于中赤,男,60,people
罗俊,男,44,people
黄伟,男,45,people
袁志敏,男,57,people
李国璋,男,52,people
段志平,男,54,people
孙云飞,男,53,people
曹玫,女,46,people
王文权,男,49,people
朱玉明,男,54,people
刘鹏,男,46,people
舒龙,男,54,people
丁佶赟,女,40,people
康国明,男,48,people
翁荣弟,男,50,people
易仁涛,男,37,people
滕方迁,男,56,people
杨涛,男,37,people
张有才,男,54,people
徐立华,男,55,people
刘广明,男,51,people
翁晓锋,男,36,people
蒋立章,男,37,people
郑文耀,男,51,people
张德祥,男,52,people
叶建桥,男,47,people
刘方明,男,53,people
白礼西,男,54,people
吴廷昌,男,58,people
谢文辉,男,51,people
吴东明,男,47,people
吴云天,男,59,people
甄恩赐,男,55,people
杨怀珍,女,55,people
郭矿生,男,58,people
袁永红,男,51,people
张柯,男,45,people
陈根荣,男,47,people
孔祥胜,男,52,people
张永庆,男,57,people
李晓明,男,48,people
仪垂林,男,44,people
李崇,男,54,people
蓝翔,男,46,people
居亮,男,58,people
张洪太,男,53,people
郭海荣,男,53,people
叶建桥,男,47,people
刘绍勇,男,59,people
芦德宝,男,73,people
杨作军,男,54,people
金朝萍,女,43,people
奚政,女,57,people
葛玉君,男,52,people
黄斌,男,46,people
陈丽娟,女,56,people
马须伦,男,53,people
池田修二,男,65,people
南品仁,男,48,people
朱洪彬,男,54,people
赵殿清,男,56,people
王为钢,男,64,people
冉云,男,54,people
李克华,男,54,people
陈京南,女,46,people
江津,女,55,people
莫林弟,男,55,people
周联俊,男,55,people
汪辉文,男,57,people
许松青,男,36,people
杜航,男,48,people
李克恕,男,52,people
郑继平,男,56,people
谷安东,男,60,people
朱其珍,女,55,people
陈虹,男,57,people
张小强,男,55,people
秦怀平,男,54,people
周立业,男,55,people
刘群,男,58,people
伍竹林,男,54,people
濮韶华,男,48,people
陈志鑫,男,59,people
林小河,男,49,people
向道泉,男,48,people
范新,男,57,people
孙峰,男,55,people
吴旭,男,56,people
谢峰,男,51,people
杨登瑞,男,62,people
俞培俤,男,59,people
冷天晴,男,45,people
焦平,男,61,people
李国春,男,55,people
张美华,男,55,people
张新,男,56,people
史建明,男,50,people
俞锦,男,35,people
王跃华,男,49,people
葛熙富,男,62,people
李靖波,女,52,people
李青,女,53,people
黄汉杰,男,39,people
苏新刚,男,60,people
赵宁,男,37,people
高振坤,男,54,people
赵欣,男,47,people
罗静,女,47,people
宋克新,男,48,people
陈兴林,男,53,people
周斌,男,48,people
宋孝刚,男,62,people
刘向光,男,53,people
苏斌,男,52,people
陈苑,女,38,people
李刚,男,48,people
江川,男,54,people
吴一坚,男,58,people
王学海,男,46,people
李兴,男,65,people
俞建午,男,52,people
郭志先,女,66,people
宋晓玲,女,48,people
鹿鹏,男,42,people
吴通红,男,44,people
张梅,女,48,people
李杰,男,63,people
傅本度,男,57,people
陈振宁,男,42,people
李洁,男,37,people
张立,男,44,people
周皓琳,男,48,people
王国祥,男,56,people
周辉,男,55,people
赵林中,男,65,people
顾琦,男,41,people
聂凯,男,60,people
韩孝煌,男,41,people
汤玉祥,男,64,people
刘雷,男,51,people
吴福胜,男,53,people
王军,男,47,people
江有归,男,43,people
孟灵魁,男,39,people
和建生,男,54,people
韩孝捷,男,44,people
牛波,男,45,people
王庆明,男,51,people
孙先武,男,50,people
王春城,男,56,people
叶柏寿,男,56,people
刘洪新,男,51,people
傅建伟,男,58,people
刘青春,男,52,people
张水利,男,53,people
高渝文,男,51,people
吴光明,男,56,people
李昕,男,61,people
段文务,男,49,people
田野,男,43,people
周娟英,女,53,people
陈绍荣,男,56,people
陈方,男,55,people
侯文玲,男,52,people
蒋达,男,59,people
章德辉,男,50,people
蔡蕾,男,46,people
张霞,女,39,people
王晓初,男,60,people
宋广菊,女,58,people
孙云,男,57,people
曲景文,男,54,people
陶平,男,52,people
康青山,男,48,people
楼婷,女,42,people
陆益民,男,54,people
刘平,男,50,people
郭章鹏,男,47,people
李建红,男,62,people
甘洪,男,57,people
吕杰,男,56,people
王南军,男,51,people
陈岳峰,男,45,people
梁稳根,男,62,people
张佑君,男,52,people
王昌顺,男,61,people
戴厚良,男,54,people
马健,男,54,people
付刚峰,男,52,people
刘先福,男,54,people
吴新华,男,51,people
向文波,男,56,people
杨明辉,男,54,people
谭万庚,男,54,people
凌逸群,男,55,people
赵建国,男,60,people
黄小文,男,56,people
袁湘华,男,56,people
孙玮恒,男,56,people
陶登奎,男,55,people
王运丹,男,58,people
金雷,男,46,people
戴志浩,男,55,people
王映黎,女,57,people
刘汉波,男,59,people
杨万华,男,52,people
曹路,男,53,people
陈向阳,男,52,people
王怀明,男,58,people
马沉重,男,50,people
邹继新,男,50,people
陈戌源,男,62,people
王建波,男,57,people
洪崎,男,61,people
李民吉,男,53,people
乔传福,男,59,people
曹培玺,男,63,people
李德刚,男,56,people
贾锐军,男,54,people
白景涛,男,53,people
蔡中堂,男,54,people
刘永好,男,66,people
李汝革,男,55,people
许振,男,54,people
黄坚,男,56,people
李晓,男,48,people
王旭,男,54,people
刘永政,男,50,people
林明志,男,51,people
雷平,男,54,people
马国强,男,55,people
邱嘉臣,男,48,people
孙熠嵩,男,55,people
张瑞生,男,59,people
李贵阳,男,59,people
杨斌,男,50,people
陈延平,男,58,people
丁绍斌,男,50,people
邹继新,男,50,people
刘建强,男,58,people
韩增义,男,55,people
席秀海,男,62,people
张建平,男,65,people
高国富,男,62,people
刘铁峰,男,46,people
唐建兴,男,61,people
常兴文,男,55,people
周东,男,46,people
费耀平,男,59,people
项乐宏,男,47,people
周志群,男,47,people
刘信义,男,53,people
李岩,男,41,people
简松年,男,68,people
王世杰,男,54,people
张淑香,女,53,people
李杰,男,54,people
朱伟,男,47,people
李琳,女,52,people
章建伟,男,44,people
厉达,男,62,people
于伟,男,60,people
唐勇,男,55,people
张亮,男,38,people
钱承林,男,56,people
赵积清,男,66,people
魏洪涛,男,41,people
袁旭,男,34,people
厉冉,男,37,people
程军,男,50,people
吴明建,男,43,people
蔡红梅,女,38,people
龚伦勇,男,37,people
王军,男,45,people
王健,男,30,people
张建辉,男,50,people
王维东,男,41,people
杨云春,男,49,people
赵大鹏,男,56,people
彭义兴,男,60,people
尹正龙,男,53,people
葛航,男,55,people
王燕清,男,52,people
唐立华,男,49,people
林兆伟,男,37,people
张云鹏,男,54,people
殷延超,男,52,people
雷凤莲,女,57,people
胡浩,男,49,people
张吕峥,男,47,people
王建新,男,50,people
王立群,男,56,people
茅庆江,男,54,people
陈祥楼,男,49,people
张新明,男,56,people
姜维利,男,53,people
赵志宏,男,54,people
伊廷雷,男,46,people
姜卫东,男,50,people
谢疆,男,43,people
雷洪文,男,51,people
李峰,男,45,people
王一宁,男,58,people
何欣,男,52,people
袁学恩,男,52,people
李新生,男,47,people
舒石泉,男,51,people
陈金岳,男,54,people
何鸿云,男,56,people
邹炳德,男,47,people
夏信德,男,54,people
王志清,男,53,people
李国平,男,50,people
章有春,男,54,people
蒯一希,男,60,people
陈军,男,53,people
朱金陵,男,55,people
邹继华,男,39,people
鲁宏力,男,50,people
赵卫东,男,49,people
陈迎,男,48,people
章有虎,男,49,people
楼金,男,88,people
周群飞,女,48,people
曹勇,男,50,people
冯鑫,男,46,people
梁学贤,男,78,people
钱晓春,男,54,people
杨成,男,57,people
吴宏亮,男,48,people
倪明亮,男,54,people
郑俊龙,男,46,people
彭澎,女,38,people
姜浩,男,45,people
梁凯,男,49,people
管军,女,54,people
吴志阳,男,51,people
李兰天,男,37,people
文世平,男,56,people
卜范胜,男,65,people
纪法清,男,57,people
王双飞,男,55,people
施祥贵,男,72,people
侯友夫,男,58,people
孙成文,男,54,people
周亚辉,男,41,people
杨耀光,男,64,people
胡琨,男,41,people
柳云鹏,男,45,people
杨崎峰,男,43,people
张邦友,男,57,people
孙晋明,男,56,people
李继宏,男,53,people
金天,男,38,people
邓志溢,男,53,people
钟琼华,男,55,people
陈敬财,男,53,people
王雪颖,女,41,people
张华立,男,54,people
方亨志,男,59,people
王淼根,男,52,people
徐地华,男,55,people
荣继华,男,50,people
赵正堂,男,55,people
甄荣辉,男,57,people
周辉,男,43,people
唐靓,男,42,people
方志义,男,54,people
管美丽,女,54,people
徐国凤,女,46,people
张翼,男,38,people
张万镇,男,69,people
孔祥洲,男,57,people
邹左军,男,60,people
姜艳,女,57,people
王廷春,男,54,people
石华山,男,50,people
高颀,男,55,people
邵君芳,女,40,people
黄雪云,女,43,people
王伟,男,54,people
刘希,男,56,people
周全凯,男,48,people
马仁强,男,44,people
吴格明,男,51,people
李向军,男,49,people
马焕政,男,53,people
吴限,男,50,people
邝青,男,54,people
张金山,男,55,people
贺增林,男,47,people
宋勇,男,55,people
吴学民,男,55,people
邹支农,男,50,people
林建伟,男,52,people
徐德勇,男,41,people
钱永耀,男,53,people
曹韻丽,女,55,people
张发群,男,56,people
宋洁,女,47,people
商春利,男,41,people
欧洋,女,50,people
张育政,女,46,people
史实,男,37,people
郭晓伟,男,39,people
裴振华,男,59,people
丁彦辉,男,45,people
李炜,男,76,people
王仁宗,男,54,people
黄煜,男,49,people
杨建平,男,54,people
田炳信,男,62,people
冯军智,男,58,people
陆建平,男,47,people
任永红,男,44,people
王颖哲,男,47,people
周志斌,男,45,people
李伟,男,48,people
汪崇标,男,47,people
刘迪,女,57,people
耿殿根,男,62,people
安旭,男,55,people
陈少美,男,56,people
高勇,男,45,people
黄永军,男,44,people
孙蔼彬,男,70,people
唐球,男,47,people
韩梅,女,50,people
杨宇航,男,56,people
Richard Moore,男,69,people
周德荣,男,50,people
王和忠,男,35,people
沈惠中,男,48,people
叶子祯,男,52,people
周云杉,男,40,people
徐海波,男,56,people
张洪起,男,62,people
孙志强,男,59,people
梁勤,女,47,people
许成德,男,50,people
张力新,男,63,people
俞凌,男,52,people
沈继业,男,51,people
于玮,男,38,people
张宝新,男,36,people
王秋艳,女,52,people
刘从宁,男,43,people
刘桂文,女,47,people
董建国,男,55,people
宋卫红,男,58,people
叶晓虎,男,44,people
孙景涛,男,53,people
刘光,男,47,people
陆文斌,男,54,people
江春华,男,46,people
龙昌明,男,52,people
王召明,男,49,people
刘士钢,男,58,people
李平,男,51,people
杜彦晖,男,34,people
赵永军,男,46,people
王晓伟,男,58,people
方文,男,49,people
王海俊,男,49,people
徐永丽,女,49,people
陈立,男,49,people
薛百华,男,49,people
林皓,男,52,people
范纪军,男,45,people
张京豫,男,55,people
杨斌,男,49,people
王长春,男,50,people
叶小平,男,55,people
孙祥祯,男,82,people
朱红玉,女,57,people
杨杰,男,54,people
范正军,男,41,people
李长军,男,55,people
仇梁,男,55,people
肖映辉,男,47,people
曹晓春,女,49,people
冯剑松,男,56,people
樊立,男,58,people
李洪国,男,45,people
赵晓东,男,38,people
杨泽声,男,65,people
万国江,男,54,people
周红卫,男,51,people
罗建文,男,70,people
杨震华,男,58,people
樊志,男,56,people
邵秀英,女,46,people
赵云文,男,63,people
Hollis Li,男,55,people
左海波,男,44,people
姚宁,男,50,people
江勇,男,39,people
盛文蕾,女,46,people
李祖芹,男,55,people
李新民,男,69,people
魏恺言,男,55,people
陈作涛,男,48,people
陈林森,男,57,people
项翔,男,45,people
傅启明,男,60,people
秦杰,男,54,people
陈燕芳,女,48,people
范宁,男,47,people
陈自力,男,56,people
王坚军,男,47,people
朱志坚,男,45,people
徐明,男,43,people
宋永皓,男,56,people
袁征,男,55,people
周建明,男,54,people
陈江涛,男,57,people
周福云,男,55,people
朱坤华,男,50,people
孙俊成,男,58,people
钱振宇,男,51,people
李文燕,男,57,people
卢信群,男,52,people
李红梅,女,37,people
刘明,男,52,people
俞信华,男,44,people
温巧夫,男,45,people
王乐智,男,59,people
胡蕴新,男,46,people
张美蓉,女,54,people
翟晓枫,男,48,people
丁孔贤,男,72,people
曹建伟,男,40,people
刘惠城,男,41,people
陈再宏,男,49,people
李刚,男,47,people
张庆文,男,48,people
景晓军,男,51,people
钟飞鹏,男,51,people
李雳,男,41,people
何俊,男,49,people
姚文哲,男,45,people
陈再慰,男,47,people
何波,女,50,people
戴芙蓉,女,45,people
沈智杰,男,37,people
李志鹏,男,40,people
黄文帜,男,55,people
王伟修,男,68,people
孙平范,男,49,people
潘建根,男,53,people
王建新,男,63,people
付红玲,女,49,people
高四清,男,54,people
周泽湘,男,53,people
姚庆,男,41,people
刘圣,男,47,people
杨雪兰,女,32,people
邹建军,男,53,people
刘守忠,男,58,people
蔡承儒,男,45,people
马君显,男,57,people
罗华,男,42,people
李迪初,男,51,people
项坚,男,47,people
缪品章,男,53,people
李少波,男,53,people
柯宗庆,男,62,people
李军,男,54,people
章海林,男,52,people
廖昕晰,男,50,people
曾渊,男,51,people
陈苹,女,42,people
蔡晓华,男,57,people
柯宗贵,男,49,people
谭连起,男,56,people
齐东,男,50,people
范一沁,女,41,people
郭洪涛,男,50,people
万卫方,男,53,people
陈晓,男,49,people
林荣滨,男,50,people
马镇鑫,男,67,people
姚小欣,男,39,people
徐宏斌,男,48,people
陈泽,男,42,people
黄江南,男,68,people
胡霞,女,54,people
严学文,男,38,people
张昌楠,男,46,people
孙伟龙,男,50,people
鲍蕾,女,38,people
顾群,男,48,people
胡东群,男,52,people
章文藻,男,61,people
朱汉平,男,55,people
马焰,男,51,people
曹仁贤,男,50,people
郝镇熙,男,50,people
赵笠钧,男,50,people
邵学,男,57,people
石旭刚,男,50,people
韦岗,男,55,people
张蓉,女,47,people
金小汉,男,52,people
赵为,男,45,people
蔡孟珂,女,46,people
瞿亚明,男,39,people
吕宾,男,45,people
何珊珊,女,37,people
刘虎军,男,48,people
汤捷,男,44,people
帅放文,男,52,people
周立武,男,55,people
张忠,男,54,people
陈坤江,男,56,people
李占明,男,56,people
张春霖,男,55,people
朱贤洲,男,44,people
陈绍鹏,男,49,people
刘爱军,男,44,people
沈少鸿,男,52,people
张强,男,58,people
张海川,男,44,people
孙建科,男,56,people
陈磊,女,39,people
蔡彤,男,48,people
李水波,男,62,people
费战波,男,52,people
夏汉关,男,53,people
曹克坚,男,56,people
王先玉,男,54,people
赵群,男,47,people
周炜,男,51,people
王卓颖,女,42,people
李鸿庆,男,45,people
费占军,男,50,people
朱正斌,男,53,people
汤炎,男,59,people
毛肖林,男,41,people
钟海荣,男,59,people
刘宁,男,55,people
黄昌华,男,50,people
王长田,男,53,people
洪爱金,男,46,people
孙屹峥,男,58,people
杨维国,男,54,people
金道明,男,53,people
燕金元,男,55,people
陆文雄,男,51,people
郑军,男,45,people
侯俊,男,37,people
金兰,女,43,people
张菀,女,56,people
尚卫国,男,55,people
汪燕,女,41,people
燕传平,男,50,people
楼晔,男,44,people
陈海斌,男,49,people
周仕斌,男,56,people
郑毅,男,38,people
龚伟斌,男,48,people
沈黎明,男,57,people
王军,男,67,people
朱卫平,男,57,people
郑召伟,男,40,people
陈作秀,男,62,people
刘春信,男,42,people
向光,男,34,people
刘智,男,35,people
吴有毅,男,62,people
刘芳,男,54,people
张永明,男,46,people
张磊1,男,37,people
王福祥,男,62,people
黄元忠,男,54,people
邢翰学,男,52,people
林洺锋,男,44,people
詹立雄,男,56,people
史佩浩,男,62,people
李渝勤,女,55,people
邬品芳,男,63,people
方书农,男,54,people
黄晓峰,男,50,people
郑根土,男,56,people
陆晨,男,36,people
林静颖,女,34,people
史晶,女,31,people
施水才,男,52,people
黄锋,男,48,people
侯若洪,男,53,people
朱军红,男,51,people
潘恺,男,35,people
秘波海,男,64,people
刘强,男,49,people
黄明松,男,47,people
谭颂斌,男,47,people
梁萍,女,58,people
姚彩虹,女,46,people
高波,男,41,people
田保国,男,48,people
曲祝利,男,64,people
张紧,男,56,people
陈键,男,52,people
周娟,女,45,people
李俊,男,61,people
李国平,男,45,people
姚和平,男,56,people
谭荣生,男,74,people
刘祥华,男,55,people
胡德霖,男,67,people
赵东日,男,54,people
林菁,男,52,people
韩建国,男,59,people
董金陵,男,54,people
王义峰,男,52,people
谭克,男,43,people
钟波,男,53,people
顾怡倩,女,36,people
彭国锋,男,35,people
郑贵祥,男,53,people
林拥军,男,49,people
王振洪,男,62,people
齐广田,男,54,people
陈进,男,58,people
卢民,男,53,people
王威,男,43,people
张浩,男,54,people
张新访,男,53,people
周志文,男,53,people
王桂珍,女,47,people
孙斌武,男,50,people
薛扬,男,58,people
贾玉兰,女,55,people
肖光昱,男,51,people
祖幼冬,男,56,people
吴俊军,男,46,people
顾振其,男,55,people
叶华俊,男,39,people
柳永诠,男,39,people
丁剑平,男,58,people
何宇飞,男,51,people
曾少贵,男,50,people
陈志江,男,51,people
刘水,男,49,people
杨国文,男,61,people
彭华,女,51,people
洪莎,女,34,people
杨娅,女,39,people
王子平,男,49,people
曾少强,男,47,people
罗靖,男,37,people
张衡,男,45,people
杨鹏威,男,36,people
李莉,女,47,people
汪天祥,男,62,people
潘磊,男,46,people
吴贤良,男,40,people
周锦明,男,53,people
李月中,男,56,people
黄培劲,男,54,people
滕达,男,48,people
蔡连成,男,65,people
蒋晨,男,45,people
夏如意,男,52,people
马良铭,男,50,people
于金星,男,38,people
宗韬,男,40,people
柏远智,男,55,people
郭永芳,女,73,people
刘正军,男,51,people
刘秀梵,男,77,people
司兴奎,男,65,people
赵马克,男,49,people
崔健,男,55,people
徐子泉,男,60,people
俞有强,男,56,people
尤小平,男,60,people
申晓东,男,56,people
陈舒,女,64,people
王世镇,男,56,people
侯红亮,男,39,people
胡亚军,男,57,people
薛俊峰,男,61,people
陈国芬,女,56,people
段伟东,男,49,people
方海江,男,50,people
钟百胜,男,53,people
廖定海,男,55,people
张林,男,31,people
戚大广,男,65,people
许文显,男,41,people
郭景松,男,56,people
王政福,男,52,people
付玉霞,女,48,people
段乃琦,女,52,people
欧阳业恒,男,48,people
叶衍伟,男,36,people
戚永茂,男,30,people
官伟源,男,55,people
张晓玲,女,58,people
朱来松,男,44,people
郑效东,男,54,people
陈迪清,男,55,people
吕泽伟,男,56,people
史一兵,男,56,people
季刚,男,48,people
管连平,男,52,people
刘召贵,男,56,people
张国桉,男,48,people
郑效友,男,46,people
黄益全,男,40,people
吴海宙,男,49,people
潘政,男,58,people
汪俊,男,43,people
霍卫平,男,48,people
应刚,男,46,people
任延忠,男,55,people
卢先锋,男,48,people
李漫铁,男,50,people
陈吉红,男,53,people
卢秀强,男,62,people
周卫华,男,58,people
李安平,男,56,people
吴道洪,男,52,people
刘晓鹏,男,38,people
王丽珊,女,73,people
田茂胜,男,38,people
赵庆忠,男,42,people
吴洋,男,35,people
董迷柱,男,60,people
钱学杰,男,52,people
张波,男,55,people
邱光,男,55,people
谢松峰,男,54,people
毛军亮,男,48,people
李焕昌,男,49,people
牛俊杰,男,54,people
曾宪经,男,50,people
肖志鸿,男,64,people
张频,男,52,people
潘文,男,40,people
蔡行荣,男,61,people
李庆义,男,63,people
华守夫,男,55,people
朱江滨,男,45,people
曾宪维,男,47,people
袁雄贵,男,38,people
王永辉,男,56,people
梁允超,男,49,people
沈金浩,男,55,people
黄巧灵,男,60,people
霍昌英,男,43,people
李云春,男,56,people
姚建华,男,55,people
黄以武,男,48,people
黄滨,男,62,people
梁水生,男,53,people
郭少山,男,46,people
张建坤,男,54,people
徐涛,男,46,people
黄镇,男,55,people
李良仁,男,49,people
朱彤,男,49,people
程毅,男,55,people
卢庆国,男,59,people
李玉国,男,57,people
彭浩,男,51,people
周德洪,男,56,people
孙尚传,男,55,people
傅梅城,男,61,people
李勇,男,47,people
丁晓建,男,53,people
周静,女,36,people
陈荣强,男,50,people
吴会林,男,50,people
周文彬,男,26,people
童恩东,男,47,people
赵依芳,女,59,people
杨一鸣,男,27,people
胡庆周,男,50,people
刘祥,男,51,people
柳志成,男,65,people
戴炎,男,53,people
吴明厅,男,52,people
刘振东,男,51,people
朱兴明,男,51,people
钟勇斌,男,51,people
江汉,男,47,people
张福林,男,53,people
唐步云,男,65,people
应小勇,男,42,people
洪家新,男,63,people
宋君恩,男,46,people
李跃先,男,55,people
蒋仁生,男,65,people
王文博,男,35,people
董树林,男,64,people
李守军,男,55,people
肖鹏,男,43,people
林海峰,男,43,people
田新甲,男,34,people
皮长春,男,55,people
陈渝峰,男,54,people
贺玉广,男,51,people
张国祥,男,59,people
梁武,男,50,people
李磊,男,43,people
曹志远,男,52,people
陈其泽,男,50,people
郭鸿宝,男,49,people
陈奇星,男,59,people
康学军,男,54,people
华勇,男,54,people
傅宇晨,男,55,people
俞相明,男,51,people
梁富友,男,67,people
方华生,男,56,people
李瑶,男,45,people
陈苗圃,男,53,people
刘东平,男,54,people
虞群娥,女,55,people
傅晓阳,男,47,people
施华新,男,50,people
周希俭,男,43,people
杨海江,男,65,people
孙军,男,53,people
朱守琛,男,62,people
秦江,男,52,people
唐超雄,男,50,people
刘淑青,女,44,people
孙建西,女,63,people
金张育,男,36,people
张亮,男,41,people
陈学为,男,52,people
王建华,男,57,people
杨怀亮,男,52,people
刘弘,男,44,people
唐乾山,男,54,people
商敬军,男,48,people
黄自伟,男,72,people
聂景华,男,65,people
莫晓宇,男,61,people
黄屹峰,男,45,people
曹明生,男,39,people
谢俊,男,60,people
邬建斌,男,38,people
李忠,男,50,people
林祯华,男,52,people
师利全,男,42,people
季伟,男,54,people
刘双广,男,53,people
张曦,男,50,people
吴少伟,男,50,people
陈汉,男,51,people
周天文,男,54,people
史爽,男,33,people
季维东,男,47,people
侯玉清,男,55,people
黄文灿,男,48,people
刘玉斌,男,36,people
林文卿,女,55,people
蔡廷祥,男,53,people
张琴,女,55,people
洪江游,男,54,people
陈向军,男,54,people
窦剑文,男,51,people
王九全,男,66,people
王仕民,男,66,people
罗嘉贤,女,33,people
吴淡珠,女,45,people
陈金节,男,54,people
洪丽萍,女,50,people
李军,男,48,people
郑子琼,男,57,people
夏军,男,43,people
朱建民,男,58,people
孟宪民,男,55,people
孙毅,男,55,people
郑海涛,男,54,people
章笠中,男,55,people
孙迎彤,男,46,people
王海光,男,56,people
纪立军,男,47,people
董振鹏,男,54,people
裴军,男,55,people
左涛,男,46,people
王万春,男,41,people
孙新军,男,48,people
朱永民,男,46,people
陈博,男,50,people
徐长进,男,45,people
李建林,男,62,people
申万秋,男,48,people
郭留希,男,55,people
冯毅,男,53,people
陈添旭,男,56,people
费铮翔,男,58,people
其实,男,48,people
赵文权,男,48,people
李强祖,男,41,people
仓梓剑,男,45,people
刘永奇,男,41,people
王娜,女,37,people
吴昊,男,52,people
刘涛,男,45,people
陶涛,男,51,people
熊剑,男,40,people
杜成城,男,52,people
罗祥波,男,47,people
王长荣,女,69,people
朱双全,男,54,people
颜军,男,56,people
李瑞杰,男,51,people
龚少晖,男,50,people
王耘,男,50,people
黄薇,女,35,people
徐秀丽,女,45,people
杜政修,男,46,people
朱顺全,男,50,people
颜志宇,男,34,people
郑楠芳,女,41,people
李强,男,47,people
朱大年,男,43,people
王冠一,男,48,people
叶进吾,男,51,people
陈友,男,54,people
黄兆辉,男,64,people
高小离,男,51,people
周勇,男,56,people
章锋,男,61,people
张绥勇,男,54,people
叶斌武,男,50,people
汪东升,男,45,people
邢雁,男,53,people
王伟,男,41,people
商毛红,男,55,people
李寅,男,56,people
穆竟伟,女,39,people
张志勇,男,55,people
覃九三,男,51,people
钟耳顺,男,62,people
余新,女,51,people
艾磊,男,46,people
易峥,男,48,people
赵晓红,女,55,people
王国明,男,55,people
王亚忠,男,66,people
郑仲天,男,52,people
宋关福,男,49,people
李爱武,男,54,people
张继,男,57,people
朱志峰,男,46,people
黄磊,男,30,people
包志方,男,58,people
邓冠华,男,52,people
孙利,女,45,people
周洪伶,女,43,people
王忠军,男,58,people
季晓蓉,女,45,people
王天然,男,75,people
Tjoa Mui Liang,男,54,people
蒋广成,男,50,people
王思远,男,27,people
袁春峰,男,40,people
王忠磊,男,48,people
陈劲光,男,47,people
于海斌,男,54,people
赵敏,男,61,people
王新明,男,52,people
王浩宇,男,27,people
吴越,男,51,people
王有治,男,54,people
邓志刚,男,59,people
刘成彦,男,54,people
王代雪,男,63,people
邢连鲜,女,60,people
骆峰,男,41,people
王冲,男,47,people
章建强,男,44,people
李步春,男,53,people
王永业,男,49,people
洪珂,男,51,people
WANG XU,男,34,people
陈邦,男,53,people
刘金成,男,54,people
王雅军,男,56,people
万峰,男,49,people
顾庆伟,男,46,people
池燕明,男,52,people
宋礼华,男,61,people
刘楠,男,58,people
李力,男,53,people
刘建华,男,44,people
曾卓,男,38,people
陈砚,男,45,people
侯文奇,男,48,people
周西柱,男,52,people
宋礼名,男,56,people
吉春林,男,36,people
任红军,男,51,people
邱宇,男,50,people
王静,女,43,people
杨子善,男,46,people
蒲忠杰,男,55,people
王宁,男,57,people
于德翔,男,54,people
卢连兴,男,53,people
张潇君,男,53,people
冷雪峰,男,46,people
张成,男,45,people
常南,男,58,people
马玉璞,男,56,people
黄松浪,男,50,people
宋国峰,男,46,people
隋建轼,男,59,people
黄欣,男,56,people
周洪江,男,54,people
郑斌,男,54,people
汪澍,男,47,people
刘子斌,男,53,people
王东升,男,61,people
孟伟,男,50,people
张宝林,男,56,people
任小平,男,46,people
曲为民,男,61,people
严建华,男,60,people
曹爱民,男,51,people
许植楠,男,88,people
谢小明,男,59,people
赵杨,男,53,people
朱华荣,男,53,people
袁小平,男,55,people
梁金辉,男,53,people
陈学军,男,51,people
史新昆,男,54,people
杨兴强,男,51,people
邱天高,男,52,people
何勇,男,58,people
王进,男,55,people
汪宏娟,女,42,people
周庆伍,男,44,people
Rudolf Maier,男,61,people
何建光,男,54,people
Chen Lichtenstein,男,51,people
Peter Fleet,男,51,people
庄坚毅,男,67,people
姚纪恒,男,53,people
纪志坚,男,51,people
李伟,男,45,people
潘志荣,男,52,people
王国丰,男,56,people
陈洪国,男,53,people
徐千,男,56,people
方洪波,男,51,people
武吉伟,男,47,people
丁杰,男,55,people
吴定刚,男,45,people
蔡渊松,男,62,people
王春立,男,50,people
耿光林,男,44,people
李林臻,男,47,people
陆剑峰,男,45,people
王立鹏,男,50,people
丁立红,男,47,people
赵永生,男,41,people
孙秀江,男,56,people
陈惠劼,男,50,people
郑康豪,男,42,people
熊建明,男,61,people
吕航,男,57,people
白景涛,男,53,people
陈鸿成,男,60,people
李卫民,男,55,people
徐传钰,男,54,people
刘志军,男,50,people
汪军民,男,54,people
林克槟,男,41,people
丁辉,男,45,people
周擎红,男,55,people
李中秋,男,56,people
郑煜曦,男,56,people
陈略,男,48,people
李海,男,49,people
刘凤喜,男,46,people
陈琳,女,46,people
刘声向,男,47,people
李希,男,50,people
张光柳,男,56,people
颜泽松,男,48,people
李尔龙,男,43,people
孙龙龙,男,45,people
靳庆军,男,61,people
王健,男,54,people
王航军,男,52,people
陈新民,男,52,people
肖俊承,男,52,people
郭元强,男,52,people
TAN CHOON LIM,男,57,people
陈勤发,男,50,people
萧华,男,69,people
明景谷,男,78,people
杨之诚,男,52,people
陈寅镐,男,56,people
王一龙,男,51,people
吴卫明,男,52,people
高大鹏,男,41,people
许绍壁,男,56,people
霍荣铨,男,56,people
明刚,男,46,people
王波,男,39,people
王超,男,52,people
程涌,男,44,people
靳海涛,男,64,people
尹祥,男,48,people
谢晓林,男,50,people
吴锡盾,男,55,people
钱木水,男,56,people
詹谏醒,女,47,people
高兴江,男,55,people
贺波,女,47,people
凌东胜,男,48,people
黄维义,男,67,people
吴杰,男,48,people
郑文龙,男,54,people
倪赤杭,男,45,people
詹任宁,男,49,people
李德春,男,58,people
陈会利,男,55,people
刘东良,男,49,people
林永贤,男,57,people
刘梦龙,男,63,people
樊献俄,男,66,people
颜昌绪,男,70,people
刘宜云,男,46,people
吴波,男,64,people
胡德新,男,55,people
刘东杰,男,48,people
林永保,男,50,people
向开兵,男,48,people
周晓南,男,59,people
颜亚奇,男,39,people
曾道龙,男,49,people
韩邦海,男,51,people
王寿纯,男,56,people
孙清焕,男,45,people
杨俊斌,男,58,people
潘先文,男,55,people
陈汉昭,男,57,people
狄爱玲,女,45,people
张霖,男,46,people
刘新国,男,55,people
王寿恒,男,47,people
郑明波,男,36,people
戴阳,男,60,people
张志强,男,51,people
郑靭,男,50,people
朱新武,男,47,people
刘晓彬,男,44,people
王平卫,男,57,people
关彦斌,男,64,people
何如,男,55,people
王进军,男,48,people
李明,男,70,people
张华农,男,56,people
黄宣,男,49,people
郭英杰,男,57,people
石碎标,男,78,people
任景尚,男,56,people
刘小腊,男,48,people
蔡骅,男,50,people
李新生,男,47,people
何天龙,男,39,people
谢立民,男,55,people
李玉昆,男,63,people
石向才,男,47,people
杨力,男,63,people
许丹青,男,49,people
纪鹏斌,男,43,people
林仙明,男,63,people
周明杰,男,61,people
陈开元,男,46,people
陆挺,男,56,people
李勇,男,48,people
郑倩龄,女,66,people
许松青,男,48,people
赵方胜,男,51,people
林斌,男,32,people
杨志杰,男,50,people
蒋光勇,男,47,people
邱九辉,男,49,people
李刚,男,44,people
时沈祥,男,55,people
程上楠,男,71,people
冯滨,男,54,people
任思龙,男,56,people
郭建刚,男,52,people
张世权,男,68,people
滕用庄,男,40,people
周云杰,男,57,people
王吴良,男,52,people
程晓苏,女,40,people
郭洪斌,男,48,people
樊剑军,男,52,people
郭建强,男,50,people
汤浩瀚,男,50,people
滕用严,男,39,people
周原,男,31,people
周举东,男,50,people
邓喜军,男,52,people
曹世如,女,66,people
孙忠义,男,64,people
褚浚,男,42,people
任永明,男,35,people
王成栋,男,65,people
夏建军,男,47,people
冷新卫,男,48,people
赵杰,男,50,people
曹曾俊,男,39,people
欧顺明,男,43,people
褚剑,男,40,people
张振国,男,63,people
王荧璞,男,37,people
李志强,男,41,people
冯帆,男,30,people
田明,男,65,people
康宝华,男,65,people
池方燃,男,54,people
章启忠,男,50,people
翁耀根,男,60,people
陈乐伍,男,47,people
郑炳旭,男,59,people
孙波,男,48,people
沈海斌,女,51,people
闫凌宇,男,40,people
李富华,男,56,people
陈心泉,男,71,people
赖其聪,男,38,people
王永庆,男,53,people
王跃荣,男,56,people
肖奋,男,56,people
高俊芳,女,64,people
张锦文,男,46,people
夏鼎,男,41,people
王宪章,男,76,people
由守谊,男,57,people
吴华春,男,58,people
卢南峰,男,56,people
谢玉平,女,45,people
张洺豪,男,37,people
蔡清楼,男,51,people
王培飞,男,54,people
莫绮颜,女,51,people
齐东绮,男,64,people
蔡建设,男,66,people
刘建武,男,53,people
刘韧,男,51,people
刘长杰,男,59,people
杜力,男,38,people
姚其胜,男,44,people
赵国栋,男,39,people
杨永柱,男,64,people
徐咸大,男,67,people
徐朝晖,女,45,people
李永鹏,男,44,people
王晓军,男,43,people
张巍,男,38,people
陆巍,男,45,people
李迎晨,男,47,people
黄涛,男,33,people
徐团华,男,39,people
黄文佳,男,48,people
尹巍,男,37,people
涂善忠,男,58,people
李璟瑜,男,54,people
陈克明,男,66,people
顾永德,男,53,people
徐广宇,男,53,people
敖小强,男,54,people
黄文博,男,46,people
张广,男,45,people
黄庆和,男,57,people
汉斯·皮特·克鲁夫特,男,69,people
陈克忠,男,60,people
肖明,女,42,people
石瑜,女,37,people
司乃德,男,60,people
朱烨东,男,50,people
谢冠宏,男,56,people
李志江,男,61,people
王俊民,男,50,people
王晖,女,47,people
何亚民,男,61,people
杨振,男,56,people
沈飒,女,45,people
郝军,男,46,people
范秀莲,女,55,people
许彦,男,46,people
何佳,女,35,people
杨子江,男,31,people
王斌,男,49,people
杨卫东,男,50,people
闫伟,男,38,people
李银会,男,52,people
胡士勇,男,69,people
石爱国,男,54,people
赵凤岐,男,59,people
王东辉,男,52,people
马强,男,48,people
马国林,男,54,people
丁云林,男,45,people
郭守明,男,55,people
胡品贤,女,43,people
孙裕,男,47,people
孙晖,男,49,people
张彤,女,51,people
张建均,男,57,people
杨建新,男,49,people
林汝捷1,男,50,people
陈永洪,男,52,people
方银军,男,55,people
韩涛,男,58,people
王春生,男,43,people
陶建伟,男,46,people
卢震宇,男,43,people
徐佳东,男,41,people
林汝捷2,男,53,people
贾茜,女,35,people
邹欢金,男,48,people
韩薇,女,54,people
林磊,男,39,people
陶建锋,男,40,people
何建南,男,28,people
胡智彪,男,48,people
汝继勇,男,45,people
黎仁超,男,54,people
陈昊旻,男,47,people
周维刚,男,55,people
江永,男,52,people
江斌,男,51,people
谢昶,男,55,people
胡智雄,男,56,people
姚红鹏,男,40,people
毛继红,男,53,people
毕浙东,男,63,people
王继伟,男,48,people
黄赤,男,54,people
王建成,男,54,people
刘若鹏,男,35,people
池宇峰,男,47,people
林金锡,男,59,people
尹宏伟,男,34,people
陈鑫,男,34,people
李介平,男,55,people
王双义,男,43,people
刘萍,男,53,people
赵治亚,男,42,people
萧泓,男,52,people
林金汉,男,55,people
马正学,男,40,people
金秉铎,男,48,people
叶志彪,男,54,people
刘汉玉,男,43,people
任琥,男,51,people
鲁永,男,33,people
何启强,男,60,people
吕强,男,70,people
邹剑寒,男,49,people
高学明,男,60,people
申东日,男,46,people
唐灼林,男,55,people
唐健,男,62,people
慎东初,男,53,people
麦正辉,男,63,people
张明,男,47,people
李五令,男,62,people
史寿庆,男,61,people
申今花,女,43,people
邱业致,女,46,people
赵勇,男,40,people
浦宝英,女,55,people
周夏耘,男,64,people
朱冠成,男,64,people
程少博,男,54,people
吴以岭,男,69,people
王苗通,男,61,people
许刚,男,55,people
曾芳勤,女,53,people
徐国群,男,56,people
周晖,男,40,people
窦刚,男,38,people
孔令军,男,50,people
吴相君,男,43,people
王一锋,男,34,people
谭瑞清,男,52,people
陈国狮,男,40,people
贾春琳,男,45,people
方润刚,男,62,people
杨迎春,男,54,people
王传福,男,52,people
吴子文,男,53,people
顾瑜,女,64,people
朱星河,男,56,people
栗延秋,女,49,people
方树鹏,男,35,people
杨乐,男,29,people
吕向阳,男,56,people
吴志良,男,45,people
黄志强,男,62,people
胡恩雪,女,53,people
陈锋,男,40,people
韩旭,男,53,people
高文班,男,70,people
吴涵渠,男,56,people
冯全宏,男,66,people
吴培服,男,57,people
黄伟鹏,男,57,people
陈清州,男,53,people
傅直全,男,41,people
张仁华,女,52,people
高进华,男,41,people
沈毅,男,43,people
王掌权,男,49,people
吴迪,男,36,people
黄侦凯,男,43,people
曾华,男,50,people
石聚彬,男,57,people
潘爱华,男,60,people
宋斌,男,57,people
杨林,男,59,people
黄天火,男,63,people
曾浩,男,47,people
魏少军,男,55,people
虞阿五,男,77,people
石聚领,男,50,people
于秀媛,女,56,people
高运奎,男,51,people
刘德威,男,53,people
黄印电,男,47,people
余欣,女,37,people
言骅,男,48,people
虞豪华,男,31,people
王永辉,男,46,people
江淦钧,男,54,people
施卫东,男,50,people
谢宏,男,53,people
赵春霞,女,32,people
刘晓东,男,51,people
陶一山,男,63,people
张益胜,男,62,people
张根华,男,50,people
柯建生,男,54,people
俞乐,男,42,people
何晓华,女,50,people
封雪,女,36,people
张其忠,男,49,people
黄国盛,男,70,people
薛晓民,男,60,people
郭翥,男,48,people
陈玉忠,男,54,people
邱光和,男,67,people
钱志达,男,51,people
周忠祺,男,60,people
史万福,男,53,people
冷志斌,男,49,people
史玉柱,男,56,people
杨凯,男,43,people
王煜,男,53,people
邱坚强,男,44,people
钱志明,男,48,people
金国良,男,65,people
马红菊,女,52,people
施金霞,女,53,people
刘伟,女,50,people
陈先保,男,59,people
刘贵华,男,49,people
吴卫东,男,47,people
黄松,男,55,people
史建伟,男,60,people
朱宝松,男,63,people
梁桂秋,男,55,people
王耀方,男,65,people
陈俊,男,46,people
邓顶亮,男,49,people
李卫伟,男,41,people
白明垠,男,53,people
姜宗成,男,32,people
朱丽霞,女,37,people
梁桂添,男,52,people
赵刚,男,53,people
祝恩福,男,56,people
陈俊海,男,54,people
孙洁晓,男,51,people
胡敏,男,58,people
韩方如,女,54,people
韩玉辉,男,54,people
叶远璋,男,54,people
吴延炜,男,59,people
肖勇军,男,56,people
陈华山,男,37,people
陆勇,男,45,people
金放生,男,60,people
邱锡柱,男,54,people
史学海,男,57,people
卢楚隆,男,62,people
梁富华,男,48,people
商晓波,男,44,people
周福海,男,59,people
牟嘉云,女,71,people
金国清,男,71,people
刘国平,女,55,people
孙耀志,男,67,people
郭现生,男,56,people
吴南平,男,57,people
万胜平,男,46,people
罗功武,男,46,people
宋睿,男,43,people
金政辉,男,44,people
周建孚,男,41,people
孙耀忠,男,58,people
郭钏,男,31,people
林建根,男,56,people
吴学愚,男,53,people
许敏田,男,52,people
严俊旭,男,49,people
朱文明,男,51,people
李良光,男,56,people
刘肇怀,男,61,people
纪翌,女,41,people
赵华涛,男,37,people
范志宏,男,52,people
严先发,男,43,people
吴淑红,女,38,people
向建华,男,52,people
李祥凌,男,71,people
张衍锋,男,56,people
袁忠民,男,58,people
张勇,男,44,people
周永麟,男,52,people
肖建平,男,57,people
陈健,男,38,people
李学峰,男,69,people
吴捷,男,51,people
吴建明,男,58,people
刘程宇,男,56,people
王悦,男,35,people
王勇,男,48,people
邓乐安,男,51,people
董卫平,男,55,people
李安东,男,46,people
王本善,男,56,people
张红,男,51,people
刘玲,女,54,people
冯显超,男,36,people
沈介良,男,65,people
禹勃,男,48,people
陈东,男,39,people
杨振华,男,69,people
蔡小如,男,39,people
邓颖忠,男,67,people
胡津生,男,70,people
邱茂期,男,37,people
吴凯,男,32,people
薛长煌,男,46,people
朱永福,男,46,people
刘宇,男,47,people
陈融圣,男,48,people
邓冠彪,男,40,people
常世平,男,61,people
黄如良,男,48,people
任建华,男,62,people
周斌全,男,55,people
舒桦,男,56,people
何宁,男,55,people
马鸿,男,51,people
王民,男,59,people
侯巍,男,46,people
黎东,男,57,people
任富佳,男,35,people
韦永生,男,42,people
罗鑫,男,53,people
江五洲,男,43,people
伍骏,男,40,people
王建新,男,35,people
周宜洲,男,60,people
万健敏,女,47,people
陈沛云,男,62,people
郑戎,女,65,people
仲汉根,男,54,people
林平涛,男,69,people
贺国英,男,69,people
王青运,女,66,people
颜永庆,男,53,people
张立刚,男,43,people
高欣,男,54,people
陈晓东,男,52,people
许巧婵,女,68,people
贺素成,男,38,people
张辛聿,男,39,people
王博,男,32,people
张恩荣,男,78,people
谢建勇,男,48,people
孙锋峰,男,37,people
金鑫,男,51,people
刘冰洋,男,44,people
范佳昱,男,45,people
陈卫东,男,55,people
吴建,男,51,people
国焕然,男,51,people
谢建平,男,46,people
倪永华,男,44,people
孙晓乐,男,37,people
杨世滨,男,49,people
董昕,男,42,people
方仁德,男,46,people
施晓越,男,55,people
范志全,男,52,people
杨君敏,男,56,people
黄志明,男,57,people
张杰,男,41,people
曹坚,男,54,people
侯建芳,男,52,people
杜斌,男,46,people
王来春,女,51,people
李卫社,男,48,people
李玉林,男,43,people
冯克敏,男,64,people
张忠梅,男,56,people
韩巧林,男,47,people
侯五群,男,53,people
吴锋,男,47,people
王来胜,男,54,people
鲁峰,男,51,people
符永利,男,46,people
吴长鸿,男,49,people
黄锦光,男,56,people
万连步,男,53,people
曲思秋,男,55,people
陈德军,男,48,people
李小龙,男,53,people
侯伟,男,52,people
王晓媛,女,46,people
耿帅,男,42,people
俞雷,男,42,people
陈宏坤,男,48,people
高勇,男,52,people
陈泉,男,33,people
芦兵,男,53,people
蒋卫平,男,63,people
杨海洲,男,56,people
吴薇,女,44,people
余青松,男,43,people
郑玉芝,女,64,people
吴礼淦,男,77,people
钟玉,男,68,people
续文利,男,52,people
王广宇,男,41,people
何勇,男,58,people
马孝武,男,77,people
问泽鑫,男,56,people
汪涛,男,45,people
陈梅芳,女,72,people
徐曙,女,56,people
许帅,男,46,people
沈明宏,男,50,people
王森,男,45,people
马晓,男,38,people
张惟,男,46,people
薛德龙,男,66,people
张冬梅,女,56,people
冯文杰,男,41,people
杨华,男,53,people
陈少忠,男,51,people
仇建平,男,56,people
孙进峰,男,32,people
魏亮,男,37,people
吴开贤,男,67,people
林雪峰,男,36,people
杨振锋,男,52,people
吴庆丰,男,42,people
李政,男,59,people
封堃,男,34,people
刘飞舟,男,40,people
吴森杰,男,33,people
阮静波,女,31,people
王佳,女,49,people
吴建新,男,53,people
朱吉满,男,54,people
邱醒亚,男,49,people
郁霞秋,女,55,people
黄河清,男,56,people
柯树泉,男,70,people
阮加春,男,55,people
齐舰,男,58,people
张逸芳,女,55,people
王东绪,男,55,people
陈岚,女,48,people
邱其琴,男,54,people
王维传,男,57,people
柯少彬,男,40,people
刘毅,男,51,people
吴桂昌,男,63,people
蒋明,男,57,people
顾伟,男,53,people
包文东,男,58,people
翁中华,男,41,people
高玉根,男,52,people
郑合明,男,60,people
李志毅,男,51,people
刘冰,男,45,people
史杰文,男,45,people
全劲松,男,50,people
刘凤祥,男,54,people
宋国尧,男,48,people
吴加富,男,41,people
吴裔敏,男,41,people
姜伟,男,57,people
鹿盟,男,43,people
刘革新,男,67,people
刘磅,男,55,people
熊海涛,女,54,people
高书林,男,46,people
陈汉康,男,57,people
周世平,男,50,people
牛民,男,48,people
陈鲁平,女,55,people
刘思川,男,34,people
程朋胜,男,54,people
丁金铎,男,47,people
黄俊康,男,63,people
周景春,男,39,people
陈开颜,男,46,people
黄文辉,男,55,people
陈宗年,男,53,people
黄立,男,55,people
戴斌,男,56,people
刘令安,男,58,people
谷晓嘉,女,47,people
刁志中,男,55,people
沈琦,男,43,people
周友盟,女,55,people
龚虹嘉,男,53,people
张燕,女,37,people
刘升,男,55,people
刘正清,男,54,people
香兴福,男,54,people
袁正刚,男,45,people
沈锡强,男,70,people
车成聚,男,68,people
李世江,男,68,people
刘延生,男,62,people
吴劲风,男,57,people
周国建,男,61,people
陈合林,男,62,people
刘建伟,男,54,people
蔡惠星,男,58,people
祝振茂,男,54,people
李云峰,男,38,people
赵保江,男,55,people
孙玉国,男,54,people
张国强,男,60,people
陈灵巧,女,35,people
贺臻,男,53,people
夏蔚,男,58,people
陈钿隆,男,57,people
吴柱鑫,男,56,people
李锂,男,54,people
蔡永太,男,55,people
姜天武,男,63,people
黄奕豪,男,57,people
唐炳泉,男,67,people
薛庆龙,男,54,people
齐铁栓,男,56,people
单宇,男,58,people
麻秀星,女,45,people
李菁,男,44,people
林腾蛟,男,50,people
罗红兵,男,41,people
赵继增,男,63,people
于国权,男,58,people
安怀略,男,55,people
李锋,男,57,people
许雷宇,男,30,people
程涛,男,39,people
黄长根,男,52,people
李云鹏,女,51,people
罗云,男,53,people
邵根伙,男,53,people
牛俊高,男,55,people
黄南章,男,54,people
李湘,男,55,people
胡梅晓,男,44,people
闻明,男,43,people
张德强,男,46,people
张立忠,男,44,people
袁永刚,男,39,people
刘文静,女,47,people
沈耿亮,男,53,people
刘国耀,男,56,people
赵前方,男,57,people
黄泽兰,男,63,people
高庆寿,男,62,people
丛强滋,男,53,people
袁永峰,男,41,people
孙传志,男,48,people
沈凯菲,女,30,people
胡歙眉,女,58,people
杨光厂,男,49,people
黄世春,男,37,people
高涛,男,49,people
陈福旭,男,47,people
丁海富,男,55,people
王文广,男,56,people
孙鲲鹏,男,41,people
夏曙东,男,46,people
金红阳,男,52,people
张劲松,男,46,people
陈尧根,男,67,people
夏传武,男,45,people
刘学林,男,53,people
汤于,男,50,people
张兴明,男,46,people
张三云,男,55,people
耿锦启,男,68,people
吕旭幸,男,43,people
魏代英,女,50,people
刘淮松,男,51,people
王友林,男,55,people
王雪欣,男,51,people
陈勇,男,59,people
朱国锭,男,53,people
张海燕,女,49,people
刘迎建,男,65,people
刘志坚,男,62,people
张云升,男,66,people
张利春,男,57,people
张志强,男,54,people
赵大春,男,47,people
王德生,男,43,people
朱德永,男,47,people
吴昌国,男,40,people
邬庆文,男,51,people
郝晓晖,男,43,people
杨合岭,男,62,people
李亿中,男,50,people
王磊,男,39,people
陆仁军,男,68,people
任有法,男,63,people
马中骏,男,61,people
杨建忠,男,53,people
陈岩,男,37,people
曹宏,男,50,people
蔡亮发,男,49,people
于阳,男,50,people
蒋陆峰,男,46,people
张月明,男,50,people
叶碧云,女,67,people
杨建国,男,53,people
侯毅,男,49,people
许开华,男,52,people
杨志强,男,64,people
贾平,男,54,people
张晓辰,男,30,people
何金明,男,66,people
陈成辉,男,58,people
黄申力,男,52,people
傅博,男,56,people
王敏,女,59,people
严中华,男,52,people
陈绪运,男,44,people
史航,男,50,people
蔡慧明,男,53,people
林仪,女,54,people
郑亚明,男,52,people
吴明福,男,70,people
张宇松,男,48,people
陈新,男,49,people
郑思敏,女,41,people
黄嘉棣,男,56,people
宋琳,男,37,people
王莺妹,女,53,people
刘年新,男,62,people
钱芳,女,49,people
张王伟,男,36,people
杨世宁,男,54,people
于瑞波,男,43,people
何海晏,男,62,people
汪培毅,男,65,people
何人宝,男,53,people
刘望,男,31,people
周文,男,53,people
唐继勇,男,50,people
周方洁,男,54,people
曹家富,男,66,people
林健,男,52,people
周宇斌,男,34,people
李郑周,男,45,people
陈永红,男,48,people
李宏,男,44,people
余涛,男,48,people
沈习武,男,57,people
闵群,女,48,people
赖宣尧,男,54,people
郭蒙,女,37,people
王永彬,男,50,people
沈锦华,男,51,people
田俊彦,男,57,people
刘平,男,55,people
补建,男,54,people
徐阿敏,男,51,people
周雪莉,女,48,people
薛华,男,48,people
何巧女,女,52,people
王柏兴,男,62,people
刘辉,女,48,people
黄良发,男,45,people
张建国,男,54,people
季翔,男,45,people
朱江,男,35,people
许英灼,男,50,people
赵冬,男,48,people
龚茵,女,51,people
何正宇,男,57,people
汪伟,男,51,people
陆湘苓,女,24,people
薛志勇,男,45,people
王耀,男,53,people
张珍义,男,60,people
吴文贵,男,59,people
李云孝,男,81,people
王红兵,男,51,people
熊保恒,男,55,people
王禹皓,男,57,people
吴咸发,男,46,people
钟雨,男,54,people
黄琳,女,49,people
吴志旗,男,54,people
孙立新,男,52,people
傅光明,男,65,people
傅芬芳,女,38,people
束龙胜,男,55,people
黄伯云,男,73,people
李海鹰,男,51,people
卫国,男,43,people
叶澄海,男,75,people
薛伟成,男,60,people
蔡东青,男,49,people
瞿洪桂,男,53,people
廖寄乔,男,48,people
谢春生,男,49,people
冯建业,男,26,people
叶宇翔,男,44,people
薛伟斌,男,54,people
蔡晓东,男,47,people
邢运波,男,70,people
陈怀荣,男,62,people
余少华,男,56,people
何志涛,男,36,people
赵福君,男,54,people
李芳英,女,64,people
胡子敬,男,68,people
邹节明,男,75,people
孙海涛,男,61,people
任京建,男,54,people
夏存海,男,46,people
李学东,男,48,people
栗军,男,49,people
顾承宇,男,54,people
陈细和,男,50,people
王许飞,男,60,people
朱郁健,男,67,people
林敏,男,57,people
罗永忠,男,49,people
李卫国,男,53,people
肖毅,男,51,people
胡佳佳,女,32,people
李成刚,男,55,people
李谦益,男,49,people
胡波,男,56,people
范崇国,男,60,people
钟海晖,男,30,people
许利民,男,52,people
杨建琴,女,44,people
胡周斌,男,30,people
孙毅,男,51,people
许晓平,男,52,people
方嘉志,男,51,people
金志国,男,62,people
黄飞刚,男,49,people
孙彭生,男,60,people
张忠革,男,54,people
简伟文,男,56,people
江昌政,男,64,people
余永清,男,51,people
董绍杰,男,54,people
郭建生,男,48,people
黄剑鹏,男,49,people
付卿,男,57,people
刘彦,男,58,people
张之珩,男,37,people
江山,男,38,people
尹英遂,男,48,people
陈永弟,男,54,people
徐元生,男,64,people
孙茂健,男,59,people
刘应明,男,78,people
陈杰,男,53,people
王填,男,50,people
王萍,女,42,people
徐士辉,男,59,people
金红英,女,46,people
陈吉强,男,50,people
宋西全,男,44,people
游志胜,男,73,people
黄凯,男,74,people
师茜,女,43,people
彭寅生,男,54,people
鲁楚平,男,53,people
徐海明,男,55,people
连小明,男,46,people
余海峰,男,46,people
沈学如,男,64,people
戚金兴,男,56,people
陈寿,男,53,people
王旭宁,男,49,people
于晖,男,39,people
徐国宝,男,54,people
陈锴,男,50,people
朱慧明,男,55,people
姚正禹,男,49,people
黄淑玲,女,54,people
王天广,男,45,people
郑鼎文,男,57,people
王信恩,男,68,people
傅利泉,男,51,people
张杰,男,56,people
孙希民,男,70,people
钟烈华,男,69,people
周祎,男,46,people
麦上保,男,56,people
曲胜利,男,52,people
吴军,男,46,people
黄清华,女,44,people
孙宪法,男,47,people
钟朝晖,男,49,people
董海洋,男,50,people
杜方,男,50,people
刘庆峰,男,45,people
许晓光,男,51,people
廖晓霞,女,57,people
郭曙光,男,58,people
刘百宽,男,57,people
吴建会,男,54,people
孙金,女,49,people
陈涛,男,45,people
许晓荣,女,47,people
王凤仁,男,62,people
沈跃华,男,56,people
史道明,男,51,people
吴培生,男,71,people
吴光明,男,56,people
陈辉,男,52,people
周一峰,女,40,people
黄作庆,男,53,people
周先敏,男,55,people
陈五奎,男,60,people
文开福,男,52,people
吴琼瑛,女,46,people
吴群,男,30,people
陈秋华,男,50,people
高建新,男,55,people
李宏泽,男,45,people
谢海,男,46,people
李粉莉,女,57,people
陈贵生,男,50,people
王晓毅,男,55,people
徐浩钧,男,40,people
高利民,男,63,people
徐永平,男,54,people
丛红,男,59,people
朱张泉,男,51,people
武钢,男,60,people
王文银,男,50,people
陈奇梅,男,55,people
沈梦梦,男,36,people
高王伟,男,37,people
卢兆东,男,45,people
邵长南,男,56,people
钱自强,男,33,people
王海波,男,44,people
缪振,男,68,people
杨槐璋,男,60,people
王皓,男,30,people
陈泳洪,男,63,people
曾胜强,男,55,people
张敏,男,57,people
陈于冰,男,41,people
孟凡博,男,36,people
邱亚夫,男,60,people
林纪良,男,46,people
周宏斌,男,42,people
黄利兵,男,54,people
许忠慈,男,61,people
邱俊祺,男,38,people
朱晖,男,40,people
杜元姝,女,51,people
吕向阳,男,56,people
乔鲁予,男,62,people
石晓卿,男,47,people
李智超,男,54,people
周鑫,男,40,people
王华俊,男,57,people
邢颖,男,59,people
肖胜利,男,72,people
张国强,男,53,people
侯旭东,男,57,people
黄绍浒,男,44,people
付勇,男,46,people
蒋中瀚,男,41,people
钱圣山,男,55,people
张力,男,53,people
李六军,男,46,people
许泓,男,52,people
郭孟榕,男,54,people
周国辉,男,53,people
钟华强,男,53,people
汪东颖,男,52,people
郭泽义,男,51,people
谭骅,男,46,people
陈伟民,男,48,people
周志伟,男,52,people
严伟,男,58,people
赵勇,男,55,people
陈国军,男,40,people
朱军,男,54,people
彭敏,女,40,people
林奇,男,37,people
陈海军,男,46,people
沈学如,男,64,people
姜纯,男,58,people
黄培钊,男,58,people
李永喜,男,54,people
罗清华,男,48,people
祝丽玮,女,38,people
陈礼标,男,36,people
阮光寅,男,55,people
宋满元,男,51,people
王刚,男,43,people
林维声,男,49,people
芮冬阳,男,53,people
徐海啸,男,46,people
吴锦鹏,男,54,people
秦本军,男,44,people
芮敬功,男,74,people
宋济隆,男,55,people
朱强华,男,55,people
李慈雄,男,62,people
陈光珠,女,53,people
张晶,女,43,people
江春,男,46,people
谢永富,男,40,people
芮益民,男,48,people
李文国,男,46,people
王晖,男,51,people
邱文达,男,68,people
汤军,男,43,people
张平,男,72,people
卢胜,男,49,people
余昱暄,男,59,people
程凡贵,男,57,people
石明达,男,73,people
黄启富,男,55,people
吴志泽,男,58,people
李仲初,男,55,people
王伟,男,45,people
郑文舫,男,50,people
曾文章,男,59,people
林印孙,男,54,people
石磊,男,46,people
陈建权,男,56,people
邱成奎,男,58,people
李殿坤,男,49,people
黄跃珍,男,45,people
周儒欣,男,55,people
柳振江,男,66,people
巨建辉,男,55,people
吴光美,男,56,people
武永强,男,53,people
袁金钰,男,62,people
陈亚妹,女,43,people
叶子瑜,男,55,people
李建辉,男,46,people
王月红,女,49,people
程志堂,男,58,people
崔从权,男,52,people
陈书勤,男,54,people
彭干泉,男,46,people
施红阳,男,53,people
乔昕,男,55,people
郭明明,男,56,people
曲德福,男,53,people
王鹤鸣,男,69,people
谢晓博,男,32,people
王相荣,男,46,people
周和平,男,54,people
沈浩平,男,56,people
姚程,男,33,people
徐春祥,男,56,people
王忠全,男,55,people
王轶磊,男,36,people
赵文娟,女,53,people
王壮利,男,44,people
王宏晖,女,47,people
秦玉茂,男,54,people
刘明胜,男,49,people
张玉祥,男,54,people
徐小敏,男,60,people
谭新乔,男,48,people
张邦辉,男,55,people
余文胜,男,50,people
徐茂栋,男,51,people
饶陆华,男,53,people
刘建平,男,53,people
凌云,男,42,people
陈不非,男,58,people
刘干江,男,40,people
沈伟平,男,56,people
陈新,男,47,people
傅淼,男,48,people
黄幼平,女,38,people
聂腾云,男,42,people
陈立英,女,43,people
郑康定,男,70,people
郭春林,男,39,people
王爱先,男,72,people
徐大同,男,55,people
李越伦,男,56,people
杨建兴,男,48,people
麦少军,男,48,people
田吉传,男,56,people
徐大庆,男,41,people
史建中,男,55,people
张建新,男,55,people
李钢,男,60,people
李尤立,男,49,people
江峰,男,37,people
卢旭日,男,52,people
李光太,男,77,people
黎立璋,男,54,people
陈团柱,男,59,people
陈宏伟,男,46,people
赵丙贤,男,55,people
臧卫东,男,52,people
钱京,男,35,people
朱峰,男,58,people
郭少平,男,58,people
曾兴富,男,58,people
王颖,男,56,people
于增胜,男,42,people
侯松容,男,50,people
李绍宗,男,54,people
高强,男,48,people
林文昌,男,50,people
黎柏其,男,57,people
杨焰,男,56,people
孙杨,男,51,people
王立军,男,46,people
何清华,男,72,people
陈纪明,男,58,people
孙德良,男,46,people
林文智,男,45,people
罗旭强,男,55,people
成辉,男,53,people
郭敏龙,男,54,people
王鹏程,男,50,people
夏志宏,男,50,people
吕春绪,男,75,people
陈索斌,男,54,people
童茂荣,男,48,people
陈维,男,30,people
王洪欣,男,53,people
张子燕,男,54,people
徐兵,男,56,people
张亦斌,男,54,people
鹿成滨,男,59,people
魏学柱,男,70,people
唐风杰,男,53,people
陈学华,男,43,people
杨江红,女,47,people
谭秋斌,女,55,people
叶留金,男,53,people
徐磊,男,35,people
鹿超,男,47,people
陶国定,男,55,people
车轼,男,58,people
陈爱莲,女,60,people
孙日贵,男,63,people
赵守明,男,54,people
倪林,男,50,people
薛忠民,男,52,people
吴念博,男,62,people
李洪信,男,65,people
李兴祥,男,56,people
董瑞平,男,48,people
吴明凤,女,57,people
刘同科,男,53,people
王汉林,男,44,people
唐志尧,男,60,people
滕有西,男,50,people
李娜,女,35,people
谢恒福,男,44,people
王刚,男,48,people
柴国生,男,65,people
何春生,男,52,people
李缜,男,54,people
袁仲雪,男,63,people
朱在龙,男,54,people
曾大凡,男,54,people
薛向东,男,59,people
柴华,男,36,people
王振林,男,63,people
邱卫东,男,47,people
鲁丽娜,女,39,people
戈海华,男,53,people
邹琼慧,女,35,people
吕波,男,55,people
杨从登,男,54,people
陈利浩,男,63,people
郑宏舫,男,68,people
邵文年,男,50,people
朱丹,男,40,people
张睿,男,53,people
李彧,男,48,people
王文军,男,50,people
尤飞煌,男,33,people
刘全,男,46,people
尹芳达,男,58,people
董星明,男,55,people
谢彦辉,男,51,people
孙鹏,男,33,people
刘罕,男,47,people
毛海波,男,53,people
何时金,男,58,people
邱建民,男,56,people
黄冠雄,男,53,people
杨万华,男,52,people
吴远亮,男,65,people
罗艳,女,55,people
张道才,男,68,people
李明,男,54,people
厉宝平,男,54,people
邱为民,男,50,people
史捷锋,男,56,people
马策,男,57,people
杨健,男,42,people
丁建,男,55,people
张亚波,男,44,people
周晓峰,男,49,people
马道杰,男,54,people
朱峰,男,55,people
丁鸿敏,男,55,people
孙伟挺,男,55,people
郝旭明,男,55,people
俞熔,男,47,people
李登海,男,69,people
邵和敏,男,78,people
梁波,男,53,people
程树伟,男,52,people
陈玲芬,女,55,people
何伟成,男,47,people
郭美玲,女,50,people
陶旭东,男,46,people
熊俊,男,47,people
刘靖,男,55,people
潘叶江,男,41,people
古少波,男,48,people
管会斌,男,45,people
和献中,男,57,people
Thierry de La Tour d’Artaise,男,64,people
吴潮忠,男,66,people
向平原,男,52,people
张志强,男,55,people
潘垣枝,男,57,people
古朴,男,46,people
王学庚,男,39,people
刘晓华,男,48,people
苏显泽,男,50,people
郑栩栩,男,45,people
何蕴韶,男,65,people
吴翠玲,女,57,people
周少雄,男,53,people
董增平,男,48,people
江南春,男,46,people
杨明燕,女,41,people
张兆勇,男,53,people
张近东,男,55,people
李飚,男,47,people
周少明,男,50,people
陈邦栋,男,48,people
沈杰,男,48,people
杨桂军,男,51,people
陈振宇,男,55,people
胡勇敏,男,48,people
马建成,男,53,people
孙为民,男,55,people
吕钢,男,56,people
郑德华,男,54,people
程先锋,男,50,people
李勇,男,41,people
梁家荣,男,56,people
周忠国,男,51,people
汪瑞敏,男,58,people
吕明方,男,61,people
周海涛,男,52,people
陈美丽,女,48,people
冯德崎,男,39,people
唐啸波,男,60,people
梁玮浩,男,28,people
张晓川,男,48,people
冯淑君,女,55,people
王坚,男,57,people
冯忠波,男,48,people
白开军,男,54,people
李兵,男,52,people
喻波,男,48,people
黄斌,男,36,people
金越顺,男,56,people
孙毅,男,58,people
王冬雷,男,54,people
安康,男,69,people
张松山,男,57,people
徐冠巨,男,57,people
高云峰,男,51,people
杜简丞,男,36,people
金力,男,32,people
周原,男,31,people
王晟,男,51,people
范蓓,女,46,people
彭云辉,女,54,people
徐观宝,男,61,people
张建群,男,53,people
孙浩,男,46,people
章卡鹏,男,53,people
张三云,男,55,people
周奕丰,男,49,people
王晶,女,60,people
姜新,男,53,people
胡振平,男,52,people
张斌,男,51,people
龙大伟,男,55,people
王羽跃,男,51,people
李振国,男,58,people
马新强,男,53,people
王恕慧,男,47,people
林学杰,男,58,people
姜荣,男,65,people
闫立强,男,48,people
罗成忠,男,56,people
徐永宁,男,56,people
张喜民,男,55,people
王玉宝,男,56,people
战英杰,女,47,people
熊续强,男,62,people
金浙勇,男,47,people
杨承,男,57,people
刘含树,男,51,people
刘艳,女,40,people
曾志军,男,56,people
樊大宏,男,52,people
郝广利,男,46,people
张明海,男,53,people
宋嘉,男,53,people
王继红,男,51,people
李飞影,男,51,people
张磊,男,55,people
余炎祯,男,50,people
黄丙娣,女,52,people
李豫,男,49,people
李耀,男,56,people
王震西,男,76,people
张继伟,男,49,people
周茂权,男,55,people
彭震,男,46,people
宣瑞国,男,50,people
柯明,男,54,people
罗琼,女,44,people
袁佳宁,男,44,people
李凌,男,53,people
李军风,男,52,people
王保玉,男,58,people
马刚,男,39,people
杨勤,男,52,people
周广林,男,56,people
李邦良,男,72,people
李春光,男,50,people
陈锦石,男,56,people
周武平,男,52,people
董文敏,男,52,people
刘开明,男,41,people
赵虎,男,53,people
路昆,男,55,people
吕梁,男,44,people
钟景明,男,55,people
汤发,男,57,people
赵锦洪,男,54,people
赵民革,男,52,people
李固旺,男,56,people
李树朋,男,55,people
郭开铸,男,70,people
施伟光,男,54,people
安靖,男,35,people
于有德,男,56,people
刘绍云,男,56,people
邵长金,男,56,people
徐宏灿,男,46,people
李林芝,女,50,people
于英涛,男,54,people
张成文,男,57,people
汤维清,男,55,people
刘建辉,男,54,people
刘伟,男,48,people
宓保伦,男,49,people
魏毅,女,55,people
安楚玉,男,39,people
杨琳,男,53,people
张晓东,男,53,people
袁泉,男,49,people
宋德顺,男,55,people
陈宇峰,男,47,people
徐尹生,男,56,people
王竑弢,男,50,people
赵生山,男,55,people
李满良,男,53,people
崔建友,男,54,people
曹志强,男,43,people
侯占军,男,47,people
佟毅,男,55,people
杨世江,男,52,people
陆鹏程,男,51,people
王国强,男,51,people
谭少群,男,50,people
李炜,男,54,people
肖骥,男,51,people
黄秀虹,女,45,people
张德国,男,43,people
牛东继,男,59,people
王建,男,50,people
宋德玉,男,55,people
张景,男,40,people
潘丽春,女,50,people
陈均,男,63,people
刘键,男,50,people
刘清勇,男,48,people
汤业国,男,55,people
黄纪湘,男,58,people
李春敏,男,60,people
黄涛,男,54,people
陈刚,男,52,people
于根茂,男,55,people
杜文朋,男,53,people
贾少谦,男,45,people
蔡志奇,男,50,people
梁玉堂,男,55,people
李怀彬,男,54,people
王艳忠,男,50,people
姜岩飞,男,58,people
崇学文,男,53,people
余瑾,男,54,people
廖廷君,男,50,people
肖凌,男,50,people
陈晓龙,男,42,people
章国经,男,55,people
叶湘武,男,66,people
杨西福,男,54,people
杨杰,女,57,people
杨健,男,56,people
赵永清,男,53,people
丁润声,男,54,people
陈钢,男,47,people
丁毅,男,47,people
简卫光,男,51,people
袁仁军,男,47,people
柯东,男,58,people
杨波,男,49,people
杨才学,男,54,people
徐涛,男,55,people
周志中,男,54,people
揭小健,男,53,people
王义栋,男,50,people
丁建国,男,43,people
吴岩松,男,47,people
代云辉,女,54,people
杨华锋,男,44,people
韩广荣,男,56,people
刘玉新,男,50,people
杨林,男,46,people
李镇,男,48,people
华志忠,男,52,people
万隆,男,78,people
赖宁昌,男,49,people
钟君艳,女,46,people
张越,男,45,people
吴鹰,男,59,people
王东,男,54,people
曾国华,男,51,people
张明,男,60,people
焦树阁,男,52,people
陈雪平,女,48,people
赵枳程,男,39,people
张文栋,男,45,people
卢小娟,女,45,people
邹志明,男,60,people
郭强,男,47,people
何毅敏,男,54,people
肖宏江,男,62,people
阳烽,男,56,people
张剑锋,男,40,people
徐宏,男,59,people
武建强,男,54,people
赵新军,男,51,people
刘畅,女,36,people
宋向军,男,53,people
瞿定远,男,50,people
崔燕萍,女,52,people
胡冬明,男,45,people
马玉先,男,51,people
田永忠,男,45,people
王鲁岩,男,50,people
刘永好,男,66,people
刘毅勇,男,56,people
周洪江,男,54,people
戴茂方,男,55,people
许文智,男,48,people
高原,男,53,people
邵建明,男,55,people
李颖林,男,46,people
黄琼宜,男,55,people
才延福,男,55,people
曲为民,男,61,people
张汉东,男,50,people
吴解萍,女,51,people
刘中国,男,63,people
刘文彦,男,51,people
袁建强,男,55,people
邵建佳,男,53,people
付景林,男,46,people
王金明,男,55,people
胡静,女,51,people
倪俊龙,男,53,people
鲁永明,男,46,people
罗宁,男,59,people
彭陵江,男,47,people
陈林,女,58,people
刘振彪,男,54,people
谢永金,男,55,people
陈蕾,女,50,people
左志鹏,男,48,people
管大源,男,55,people
廖小同,男,58,people
鲜先念,男,47,people
龙兴元,男,56,people
徐洪,男,52,people
赵锐勇,男,64,people
朱冰,男,55,people
陈建斌,男,54,people
王炯辉,男,54,people
张金成,男,61,people
黄绍文,男,51,people
胡弘,男,59,people
胡辉,男,62,people
陈国祥,男,67,people
陈健,男,50,people
张兆申,男,52,people
宫继军,男,51,people
焦延滨,男,58,people
严四清,男,53,people
张庆文,男,49,people
萧瑞兴,女,44,people
文一波,男,53,people
张志方,男,56,people
许统广,男,54,people
方勇,男,58,people
李健,男,37,people
宋彬,男,47,people
王妙云,男,53,people
王书贵,男,43,people
高建兵,男,42,people
莫翊斌,男,50,people
王永志,男,52,people
周世荣,男,49,people
吴智勇,男,41,people
彭东升,男,56,people
蔡卫东,男,49,people
贾浚,男,48,people
许仕清,男,54,people
张湧,男,51,people
袁汉源,男,56,people
李增群,男,52,people
赖伟德,男,60,people
隋景宝,男,55,people
刘东峰,男,47,people
王乃强,男,52,people
朱磊,男,48,people
刘伟,男,48,people
李璟,男,55,people
樊玮,女,42,people
施驰,男,47,people
张铁成,男,46,people
田永,男,58,people
徐宏军,男,47,people
王仪,女,59,people
刘猛,男,48,people
宋歌,男,51,people
王国强,男,51,people
王浩,男,52,people
宗文峰,男,54,people
丁吉林,男,51,people
叶德斌,男,57,people
张冀颖,女,40,people
胡智奇,男,30,people
娄晓曦,男,57,people
柳长庆,男,47,people
郑应南,男,61,people
胡世保,男,52,people
林增忠,男,52,people
祝涛,男,41,people
许晓华,男,55,people
汪方怀,男,55,people
王兴富,男,56,people
蒲培文,男,53,people
王仁果,男,46,people
江尚文,男,50,people
林群,男,60,people
张岭,男,41,people
姚湘盛,男,43,people
薛国庆,男,28,people
曹大岭,男,54,people
胡忠群,男,53,people
李小平,男,47,people
胡显坤,男,55,people
宋金松,男,51,people
林文鸿,男,43,people
王兵,男,46,people
郝健,男,52,people
尤习贵,男,61,people
李坚之,男,52,people
徐晓惠,男,54,people
阮英,男,47,people
袁平东,男,50,people
林震东,男,46,people
陈雨,男,40,people
王纯,男,58,people
金才玖,男,53,people
李成章,男,51,people
郭敏,男,46,people
王继业,男,54,people
单小东,男,42,people
彭新英,男,52,people
孙树明,男,56,people
刘选民,男,55,people
文生元,男,57,people
李建国,男,56,people
李晓明,男,44,people
曾泰,男,50,people
何齐书,男,49,people
陈鉴平,男,58,people
林治海,男,54,people
何胜强,男,53,people
曹焰,男,59,people
黄德龙,男,40,people
李晓伟,男,48,people
刘光芒,男,49,people
汪澍,男,47,people
高立用,男,36,people
张锦松,男,56,people
武翔,男,53,people
颜广彤,男,46,people
张代铭,男,56,people
杨志贵,男,52,people
黄键鹏,男,51,people
曹爱民,男,51,people
李晓振,男,37,people
程军,男,57,people
贾振宏,男,54,people
臧晶,男,46,people
杜德平,男,49,people
田建文,男,57,people
林阿头,男,54,people
王承波,男,54,people
谭昌彬,男,45,people
于恩沅,男,55,people
何春梅,女,49,people
祝方猛,男,46,people
张姿,女,48,people
李堂锁,男,51,people
蒋灿明,男,49,people
王峥强,男,52,people
王海河,男,39,people
徐文财,男,52,people
杨晖,男,50,people
王川增,男,53,people
史强军,男,59,people
徐自力,男,52,people
杨林,男,50,people
黄其森,男,53,people
陈红浪,女,49,people
赵晓东,男,46,people
蔡咏,男,58,people
周贵祥,男,47,people
刘子斌,男,53,people
钟金雄,男,56,people
肖立书,男,51,people
沈琳,女,50,people
虞孟良,男,53,people
刘翔宇,男,47,people
俞仕新,男,56,people
陈宽义,男,56,people
许植楠,男,88,people
王东升,男,61,people
姚锦龙,男,44,people
谭建华,男,52,people
胡昌民,男,57,people
吴永钢,男,53,people
郭元军,男,57,people
张桂平,男,67,people
刘建荣,男,44,people
谢小明,男,59,people
姚俊卿,男,52,people
刘健,男,55,people
靳文平,男,50,people
温立,男,55,people
王庆,男,49,people
李伟,男,51,people
张永生,男,52,people
韦清文,男,58,people
徐晓勇,男,42,people
杨林,男,55,people
朱凤廉,女,54,people
高扬,男,38,people
于勇,男,55,people
俞亚鹏,男,63,people
汪万新,男,53,people
龙耐坚,男,57,people
朱会君,女,57,people
罗松彪,男,56,people
张丹丹,女,49,people
周代星,男,52,people
彭兆丰,男,59,people
蒋乔,男,47,people
张雷,男,39,people
吕军,男,53,people
方贤水,男,54,people
夏壮华,男,54,people
杜少华,男,57,people
曹克波,男,49,people
王大壮,男,56,people
张政,男,50,people
肖占鹏,男,55,people
戚乐安,男,55,people
邱奕博,男,31,people
易德玮,男,44,people
欧阳哲,男,42,people
曹明芳,男,74,people
孙泽胜,男,47,people
王琳,男,63,people
郭锐,男,37,people
李久旭,男,53,people
马兵,男,49,people
宁远喜,男,48,people
郑和涌,男,51,people
吴光胜,男,39,people
李福春,男,54,people
何锐驹,男,56,people
宋为兔,男,41,people
徐朋业,男,42,people
刘鹤年,男,56,people
刘沣,男,38,people
谢荣辉,男,54,people
潘忠祥,男,59,people
崔伟,男,51,people
苏斌,男,40,people
刘宝龙,男,36,people
丁振华,男,53,people
廖杰,男,52,people
刘会胜,男,53,people
熊强,男,42,people
高少兵,男,62,people
季长彬,男,48,people
赵立仁,男,46,people
邹文彬,男,54,people
胡瀚阳,男,35,people
吴斯远,男,54,people
王俊伟,男,41,people
杜善津,男,63,people
张雷,男,55,people
孙健,男,41,people
熊贵成,男,44,people
林荔,女,48,people
彭志宏,男,47,people
俞锋,男,49,people
林腾蛟,男,50,people
方旭升,男,45,people
陈义和,男,55,people
王征,男,55,people
刘道明,男,61,people
叶茂新,男,56,people
崔玉杰,男,56,people
陈明勇,男,56,people
陈炎表,男,55,people
王磊,男,38,people
王焕新,女,50,people
汤国强,男,56,people
王江安,男,55,people
毕华,女,45,people
吴景贤,男,56,people
杨占民,男,64,people
曾凡章,男,53,people
刘锦钟,男,47,people
周莉,女,35,people
李仲泽,男,49,people
曾柏林,男,55,people
董永平,男,56,people
周伟群,男,61,people
徐剑东,男,36,people
张海滨,男,54,people
王皓,男,45,people
谢康德,男,55,people
蒋思海,男,52,people
刘远清,男,54,people
胡军,男,41,people
董明珠,女,64,people
梅强,男,55,people
王棣,男,35,people
张晖,男,44,people
范洪岩,女,49,people
罗亮,男,41,people
戴汉强,男,50,people
谢剑琳,女,53,people
黄辉,男,55,people
肖正连,女,50,people
孙新虎,男,44,people
刘戈林,女,44,people
丁服千,男,50,people
王广军,男,53,people
宗维海,男,55,people
康莹,女,45,people
卢少辉,男,57,people
管大源,男,55,people
杨军,男,49,people
段向东,男,50,people
栾汉忠,男,50,people
王金全,男,42,people
殷玉荣,女,55,people
翁扬水,男,38,people
蔡钦铭,男,44,people
沈志军,男,48,people
龚华东,男,53,people
杨秀亮,男,49,people
杨砚琪,男,38,people
刘益谦,男,55,people
陈大力,男,51,people
金波,男,50,people
张宝林,男,56,people
李秀林,男,65,people
马伟进,男,46,people
丁伟,男,60,people
万涌,男,48,people
刘跃珍,男,56,people
秦兆平,男,61,people
朱华荣,男,53,people
郭淑芹,女,55,people
吕友帮,男,51,people
李建刚,男,55,people
王杨林,男,44,people
蒋尚军,男,54,people
于波,男,39,people
田汉,男,51,people
袁小平,男,55,people
霍斌,男,49,people
邱士杰,男,42,people
谢平伟,男,57,people
李勤,男,41,people
唐军,男,59,people
刘军春,男,55,people
班均,男,51,people
汪宏娟,女,42,people
周传良,男,53,people
潘春霓,女,29,people
王伟,男,47,people
解斌,男,40,people
杨宁,男,48,people
董悦,男,46,people
江波,男,45,people
马江河,男,53,people
陈来泉,男,59,people
米大斌,男,50,people
柴永森,男,55,people
鲍林强,男,46,people
刘瑞深,男,56,people
王学武,男,55,people
肖南贵,男,55,people
秦刚,男,43,people
李勇,男,44,people
李本文,男,52,people
魏海军,男,54,people
梁金辉,男,53,people
赵立宝,男,47,people
邓小壮,男,42,people
李占通,男,54,people
刘平山,男,63,people
曹华斌,男,49,people
张伟成,男,50,people
梁宏伟,男,55,people
周庆伍,男,44,people
周家锋,男,42,people
刘湘,男,51,people
刘强,男,57,people
王志明,男,47,people
张会学,男,50,people
马世春,男,75,people
朱要文,男,54,people
何波,男,42,people
李铁,男,42,people
艾迪,女,49,people
郑兴光,男,49,people
周小溪,男,59,people
陈学军,男,51,people
熊朝阳,男,50,people
张金铸,男,63,people
刘中一,男,55,people
白海波,男,42,people
乔徽,男,37,people
邱华,男,59,people
黄葆源,男,55,people
Rudolf Maier,男,61,people
安平绥,男,68,people
胡成中,男,57,people
周明轩,男,53,people
孙忠春,男,54,people
王磊,男,35,people
史新昆,男,54,people
刘淼,男,49,people
戴扬,男,49,people
杜克平,男,57,people
施永晨,男,40,people
钟振强,男,47,people
卢国纲,男,51,people
赵序宏,男,69,people
何建光,男,54,people
林锋,男,45,people
王彬,男,54,people
刘悉承,男,56,people
张伟林,男,48,people
张伟亮,男,32,people
薛季民,男,57,people
唐大楷,男,58,people
谢勇,男,46,people
管大源,男,55,people
陈义弘,男,60,people
毕胜,男,52,people
冯国光,男,60,people
姚卫东,男,47,people
李培峰,男,53,people
文彬,男,56,people
李平一,男,51,people
高继胜,男,66,people
刘晓亮,男,50,people
李广林,男,56,people
王景,女,46,people
郭为,男,55,people
任君,男,59,people
杨兴强,男,51,people
杨先春,男,55,people
刘春奇,男,56,people
柏青,男,59,people
李诗情,女,42,people
张云飞,女,44,people
岳祥训,男,52,people
Chen Lichtenstein,男,51,people
马海龙,男,55,people
朱志浩,男,58,people
邱天高,男,52,people
刘林平,男,52,people
刘著平,男,52,people
方岳亮,男,55,people
郭金东,男,53,people
李建平,男,57,people
朱宜存,男,57,people
何勇,男,58,people
Peter Fleet,男,51,people
陈小松,男,55,people
王勇,男,48,people
赵辉,男,44,people
彭安铮,女,54,people
丁青海,男,54,people
施大福,男,56,people
庄坚毅,男,67,people
罗玉平,男,52,people
王进,男,55,people
王明辉,男,56,people
周悦刚,男,45,people
林盛昌,男,51,people
黄振光,男,52,people
陈环,男,31,people
李光宁,男,47,people
石维国,男,52,people
姚纪恒,男,53,people
尹品耀,男,49,people
李斌,男,47,people
卢文胜,男,50,people
毕天晓,男,54,people
黄志雄,男,56,people
谢伟,男,44,people
郭晓光,男,60,people
纪志坚,男,51,people
蔡飚,男,40,people
曾光安,男,53,people
方洪波,男,51,people
乔志城,男,46,people
杨寿海,男,61,people
张竹筠,男,53,people
张存生,男,50,people
丁杰,男,55,people
高宏波,男,38,people
俞传芬,男,46,people
栗建伟,男,51,people
姬浩,男,47,people
夏曙,男,45,people
李峰,男,48,people
傅勇国,男,55,people
李伟,男,45,people
陈德顺,男,55,people
陈建华,男,55,people
孙国建,男,64,people
史今,女,43,people
徐平,男,56,people
陈建斌,男,50,people
吴定刚,男,45,people
王涛,男,55,people
魏军,男,50,people
朱正洪,男,52,people
王爱萍,女,49,people
王安金,男,46,people
朱保国,男,55,people
陶德胜,男,53,people
魏超文,男,53,people
刘江东,男,43,people
郭宏杰,男,52,people
欧辉生,男,48,people
李明吉,男,53,people
王国丰,男,56,people
石磊,男,44,people
黄源,男,29,people
彭朗,男,49,people
李雪峰,男,35,people
黄志华,男,54,people
李振川,男,60,people
王春立,男,50,people
向双林,男,50,people
贾岩燕,男,71,people
文小兵,男,50,people
陈军,男,55,people
艾贻忠,男,55,people
陈洪国,男,53,people
赵文胜,男,52,people
郑任发,男,48,people
蒋利亚,男,44,people
韩炜,男,55,people
王斌,男,43,people
秦琴,女,48,people
周新波,男,51,people
耿光林,男,44,people
袁祖荣,男,57,people
汪春华,男,54,people
侯跃,男,45,people
吉兴业,男,59,people
王民,男,64,people
王春城,男,56,people
张忠华,男,56,people
潘明,男,55,people
宋德武,男,47,people
周兆达,男,68,people
方洪波,男,51,people
吉兴军,男,50,people
陆川,男,52,people
秦玉峰,男,60,people
周晓华,男,44,people
尹小峰,男,44,people
金东杰,男,45,people
周拥泽,男,55,people
刘浩,男,46,people
陆剑峰,男,45,people
余政,男,58,people
卓逸群,男,45,people
武吉伟,男,47,people
姜巨舫,男,56,people
赵彪,男,54,people
张虹,男,47,people
肖永明,男,54,people
戴登安,男,44,people
刘冰,男,61,people
房丽民,男,54,people
王立鹏,男,50,people
罗国良,男,56,people
徐仲,男,39,people
张宪依,男,56,people
曹邦俊,男,74,people
王鹏,男,61,people
张剑波,男,54,people
杨秀彪,男,47,people
陈耿,男,50,people
高靓,女,48,people
姜长禄,男,53,people
张旭升,男,52,people
谭旭光,男,57,people
王坚,男,63,people
周天亮,男,51,people
朱金松,男,70,people
罗军,男,38,people
杨扬,男,50,people
孔庆辉,男,47,people
孙继强,男,49,people
徐新玉,男,55,people
方洪波,男,51,people
计高雄,男,46,people
李飞德,男,41,people
冯琴,女,45,people
储晓明,男,56,people
丁治平,男,58,people
肖荣智,男,49,people
詹纯新,男,63,people
陆政品,男,46,people
王诚,男,52,people
冯戎,男,56,people
李润起,男,44,people
应华江,男,49,people
胡新保,男,50,people
周宏,男,59,people
张杰,男,43,people
何宏满,男,46,people
刘艳,女,52,people
陈奕民,男,46,people
李东生,男,60,people
蒲坚,男,60,people
张桂泉,男,52,people
韩德宏,男,56,people
罗育德,男,47,people
卢家和,男,55,people
张晖,男,50,people
刘壮青,男,32,people
刘斌,男,48,people
马雷,男,49,people
陈大龙,男,56,people
宋扬,男,50,people
陈繁华,男,52,people
乔宏伟,男,49,people
张思民,男,56,people
段先念,男,60,people
黄俞,男,50,people
靳宏荣,男,52,people
王一彤,男,54,people
殷一民,男,55,people
胡新安,男,50,people
黄黎忠,男,52,people
张锋,男,46,people
姚军,男,58,people
孙盛典,男,63,people
原军,男,48,people
张建恒,男,57,people
郑毅,男,54,people
何建锋,男,47,people
黄明,男,56,people
余刚,男,52,people
李春建,男,52,people
陈惠劼,男,50,people
郑康豪,男,42,people
熊建明,男,61,people
陈宏良,男,50,people
刘其,男,54,people
彭玲,女,53,people
杜秉光,男,54,people
刘志军,男,50,people
汪军民,男,54,people
林克槟,男,41,people
朱军,男,55,people
何文彬,男,47,people
罗爱华,女,58,people
周宇斌,男,34,people
卢志强,男,66,people
朱军,男,55,people
石正林,男,50,people
姚日波,男,50,people
朱胜利,男,48,people
王宏,男,56,people
季圣智,男,32,people
陈创新,男,51,people
李明海,男,52,people
朱梅柱,男,54,people
钟宏伟,男,51,people
谭华森,男,56,people
柏志伟,女,36,people
王宇航,男,57,people
郝亮,男,47,people
李新威,男,53,people
董炳根,男,69,people
李中秋,男,56,people
郑煜曦,男,56,people
陈略,男,48,people
刘凤喜,男,46,people
宿南南,女,34,people
李雪燕,女,44,people
李洪生,男,55,people
丁跃,男,59,people
张光柳,男,56,people
颜泽松,男,48,people
李尔龙,男,43,people
靳庆军,男,61,people
马骧,男,53,people
陈勇,男,48,people
厉怒江,男,57,people
陈琳,女,46,people
刘声向,男,47,people
李中,男,54,people
陈政立,男,58,people
王志全,男,55,people
温毅,男,56,people
阮克竖,男,52,people
王健,男,54,people
王航军,男,52,people
李德友,男,42,people
陈泰泉,男,55,people
钟岩,男,43,people
赵宏伟,男,50,people
丁芃,女,67,people
李林琳,女,34,people
马钟鸿,男,45,people
郁亮,男,53,people
朱新宏,男,58,people
江津,女,55,people
徐文苏,男,41,people
刘志平,女,55,people
林茂德,男,62,people
